0.345133,0.230769,0.084563,7
0.610619,0.307692,0.402226,5
0.982301,1.384615,0.969926,3
0.982301,1.307692,0.918364,3
1.353982,1,1.660136,2
0.769912,0.538462,0.83538,4
1.300885,1.153846,1.268039,3
1.088496,1.461538,1.072226,3
0.849558,0.538462,0.670871,4
1.486726,1,1.703925,2
0.769912,0.461538,0.888803,4
0.424779,0.230769,0.217484,6
1.672566,1.923077,2.343586,1
0.557522,0.692308,0.486836,5
0.530973,0.769231,0.370238,6
1.00885,1,1.087796,3
0.424779,0.461538,0.192256,7
0.345133,0.153846,0.243324,7
0.318584,0.230769,0.1512,7
1.619469,1.692308,2.113218,1
0.982301,1,1.103884,3
1.911504,2.538462,2.024321,1
0.769912,0.461538,0.266101,4
0.876106,0.538462,0.932285,4
1.59292,2.307692,1.588977,1
0.345133,0.230769,0.23084,7
1.247788,1.692308,1.083485,3
1.221239,1.538462,1.069823,3
0.690265,0.461538,0.501982,5
0.982301,1.230769,0.587416,3
1.221239,0.923077,0.79079,3
1.513274,1.230769,1.501635,2
1.40708,1.076923,1.80321,2
1.115044,1.153846,1.328505,3
1.115044,1.076923,1.251315,3
0.743363,0.769231,0.6268,5
0.982301,1.461538,1.123011,3
0.902655,0.384615,0.781109,5
1.80531,2.230769,2.22786,1
0.823009,0.461538,1.107747,4
1.00885,1.076923,1.105863,3
1.300885,1.615385,1.282643,3
0.741722,0.682927,0.86952,4
1.792494,2.134146,2.072555,1
0.772627,0.682927,0.54171,5
1.390728,1.109756,1.737516,2
0.803532,0.512195,0.683409,4
1.050773,1.109756,1.107397,3
1.359823,1.109756,1.58357,3
0.710817,0.512195,0.565318,5
0.649007,0.597561,0.341729,5
1.267108,1.536585,1.2202,3
1.730684,1.963415,2.298407,1
0.649007,0.597561,0.419956,5
1.298013,1.02439,1.661994,2
1.761589,2.134146,2.072654,1
1.050773,1.280488,0.940222,3
0.463576,0.170732,0.169758,7
1.298013,1.109756,1.765747,2
0.432671,0.341463,0.177258,7
0.463576,0.170732,0.211884,6
0.896247,0.512195,0.618191,4
0.865342,0.512195,0.84183,4
0.432671,0.256098,0.2516,6
0.618102,0.853659,0.307251,6
0.679912,0.682927,0.538366,5
1.019868,1.02439,1.094216,3
1.050773,1.365854,0.877734,3
0.370861,0.256098,0.213113,7
1.050773,1.195122,1.026982,3
1.267108,1.536585,1.071715,3
0.741722,0.426829,0.908375,4
1.298013,0.939024,1.665707,3
1.761589,2.304878,2.032741,1
0.618102,0.426829,0.378322,7
1.174393,1.280488,1.235103,3
0.741722,0.341463,0.792941,4
0.556291,0.853659,0.313817,6
1.637969,2.390244,1.872796,1
1.081678,1.280488,1.071838,3
0.741722,0.853659,0.637127,5
1.576159,2.04878,1.73604,1
1.019868,0.939024,0.889759,3
1.112583,0.939024,1.183632,3
0.825092,0.442387,0.760621,4
0.95203,0.884774,0.807522,3
0.729889,0.353909,0.46969,4
1.015498,1.238683,0.974045,3
0.983764,1.061728,1.005607,3
0.539483,0.707819,0.299442,6
0.44428,0.442387,0.122752,7
1.586716,2.123457,1.687713,1
1.047232,1.061728,1.122175,3
1.047232,1.32716,0.97552,3
0.634686,0.619342,0.393245,5
1.110701,1.32716,0.953945,3
0.761624,0.353909,0.752756,4
1.332841,0.973251,1.618149,2
1.39631,1.150206,1755,2
1.745387,2.388889,2.154893,1
0.380812,0.265432,0.154157,7
0.539483,0.442387,0.349965,7
1.554982,2.034979,1.603326,1
0.412546,0.176955,0.147224,6
0.729889,0.707819,0.575911,5
0.825092,0.707819,0.812619,4
1.110701,0.973251,1.166231,3
0.539483,0.796296,0.22548,6
1.364576,1.32716,1.450643,3
1.205904,1.415638,1.245005,3
1.39631,1.061728,1.762191,2
1.364576,1.061728,1.423324,2
0.983764,1.415638,0.868471,3
1.142435,0.707819,1.381286,3
0.698155,0.530864,0.611741,5
1.681919,2.034979,2.340482,1
0.761624,0.442387,0.966854,4
1.84059,2.388889,1.983196,1
0.698155,0.442387,0.5399,5
0.634686,0.619342,0.351284,5
0.761624,0.619342,0.617639,4
1.745387,2.123457,2.272083,1
1.459779,0.973251,1.304246,3
0.380812,0.265432,0.152269,6
0.983764,1.061728,1.138861,3
1.205904,1.592593,1.415951,3
0.44428,0.353909,0.286584,7
1.022677,1.23064,0.817317,3
1.331858,1.085859,1.196838,2
0.332965,0.144781,0.18345,7
0.998894,1.447811,1.063568,3
1.236726,1.592593,1.124066,3
1.545907,1.23064,1.489681,1
1.094027,1.013468,1.120946,3
0.59458,0.361953,0.393366,5
0.380531,0.217172,0.22476,7
1.308075,1.085859,1.412117,3
0.808628,0.579125,0.97848,4
1.498341,1.23064,1.686323,2
1.498341,1.013468,1.607474,2
1.56969,1.30303,1.770106,1
1.04646,1.30303,0.917861,3
0.761062,0.723906,0.757105,4
0.59458,0.506734,0.472847,5
0.975111,1.23064,1.054923,3
1.04646,1.592593,0.973383,3
0.618363,0.868687,0.471052,5
1.807522,2.244108,2.115575,1
0.784845,0.506734,0.680826,4
0.713496,0.723906,0.535852,5
0.428097,0.289562,0.205186,6
1.974004,2.823232,2.173952,1
0.475664,0.289562,0.223761,6
0.784845,0.579125,0.795663,4
1.403208,1.158249,1.581864,2
0.856195,0.723906,0.94396,4
1.11781,1.158249,1.12064,3
0.52323,0.796296,0.299673,6
0.998894,1.23064,0.996566,3
0.356748,0.289562,0.132373,7
0.52323,0.506734,0.263624,7
0.547013,0.868687,0.322918,6
1.070243,1.664983,1.040262,3
1.379425,0.868687,1.404083,3
0.784845,0.723906,0.725154,4
1.284292,1.882155,1.22881,3
1.260509,1.592593,1.418071,3
0.689712,0.651515,0.655481,5
1.022677,1.158249,1.682816,3
1.950221,0.506734,2.737229,1
1.864564,2.161922,1.53212,1
1.19666,0.960854,0.838531,3
0.834879,0.560498,0.586591,4
1.141002,1.201068,0.99598,3
0.41744,0.160142,0.208994,6
0.333952,0.320285,0.083858,6
0.500928,0.480427,0.300618,7
1.057514,1.441281,1.014404,3
1.447124,1.040925,1.307595,2
1.447124,1.201068,1.491442,2
1.085343,1.281139,0.861749,3
1.808905,2.081851,1.893013,1
1.057514,1.441281,0.998664,3
0.528757,0.800712,0.332332,6
1.113173,1.201068,1.108243,3
1.22449,1.521352,1.176726,3
1.19666,1.201068,1.073871,3
0.751391,0.560498,0.745969,4
0.695733,0.480427,0.55975,5
0.640074,0.560498,0.471618,5
1.001855,0.960854,1.170576,3
0.38961,0.160142,0.216734,7
1.948052,2.562278,2.24872,1
1.335807,1.36121,1.510361,3
1.419295,1.201068,1.563157,2
0.834879,0.640569,0.983419,4
0.640074,0.720641,0.536141,6
1.307978,1.040925,1.6405,2
1.029685,0.960854,1.076242,3
1.502783,2.081851,1.779265,1
0.333952,0.240214,0.256005,7
1.19666,1.601423,1.412327,3
0.640074,0.480427,0.36415,5
1.836735,2.562278,2.094893,1
0.779221,0.480427,0.736744,4
0.946197,1.040925,1.325732,3
0.612245,0.800712,0.77406,5
1.502783,1.281139,1.844179,1
0.445269,0.400356,0.260018,7
1.22449,1.040925,1.378919,3
0.862709,0.480427,0.95882,4
0.695733,0.480427,0.604129,5
0.361781,0.240214,0.325791,7
0.723562,0.560498,0.834335,4
1.085343,0.960854,1.522713,3
1.805142,2.216867,1.63701,1
0.373478,0.461847,0.109678,7
1.058187,1.108434,0.787718,3
1.307172,1.108434,1.538229,2
1.027064,1.108434,0.965916,3
0.466847,0.184739,0.208739,6
1.058187,1.385542,1.124306,3
0.560217,0.831325,0.335465,6
0.871448,0.554217,0.858857,4
1.058187,1.477912,1.019866,3
1.307172,1.108434,1.581773,2
0.404601,0.277108,0.212902,7
0.560217,0.831325,0.308736,6
0.902571,0.461847,0.639243,4
0.684709,0.646586,0.62893,5
0.746955,0.461847,0.730494,4
1.027064,1.108434,1.040796,3
1.08931,1.016064,1.280194,3
1.120433,1.108434,1.168925,3
1.556157,1.477912,1.767548,1
0.778078,0.277108,0.786666,4
1.058187,1.570281,0.984343,3
0.653586,0.923695,0.341639,5
0.373478,0.277108,0.214398,7
1.525034,1.662651,1.877787,1
1.182679,1.570281,1.396186,3
1.08931,1.200803,1.095354,3
0.435724,0.184739,0.180793,7
0.560217,0.554217,0.350526,7
0.653586,0.369478,0.460204,5
1.244926,1.570281,1.509255,3
1.338295,0.923695,1.258281,3
0.529093,0.646586,0.24031,6
1.182679,1.662651,1.331548,3
1.338295,1.108434,1.833191,2
1.711773,2.032129,2.332308,1
0.684709,0.461847,0.587398,5
1.338295,0.923695,1.435731,3
1.742896,1.939759,1.916958,1
0.746955,0.646586,0.91711,4
0.778078,0.738956,0.654701,5
0.964817,1.016064,1.097389,3
0.840325,0.461847,0.799341,4
0.715832,0.554217,0.750582,5
1.618403,1.293173,1.708055,2
1.929635,2.493976,1.994621,1
0.752565,0.435076,0.683383,4
0.648763,0.362563,0.509663,5
1.738684,2.175379,1.957866,1
0.986119,0.652614,0.999737,3
1.063971,1.015177,1.157598,3
0.804466,0.580101,0.8475,4
0.570911,0.797639,0.365422,6
0.467109,0.435076,0.222884,6
0.804466,0.580101,0.75317,4
0.830416,0.507589,0.69643,4
1.01207,1.232715,0.990363,3
0.363307,0.145025,0.237481,7
0.960169,1.08769,0.982788,3
0.700664,0.580101,0.566212,5
1.219674,1.015177,1.535015,2
1.349427,1.232715,1.539989,2
1.141823,1.37774,1.214051,3
1.01207,1.305228,0.951855,3
0.596862,0.507589,0.411985,5
1.141823,1.160202,1.100553,3
1.453229,1.305228,1.625022,1
0.544961,0.362563,0.431899,7
0.622812,0.942664,0.316124,7
1.764635,2.102867,2.020689,1
0.49306,0.725126,0.249533,6
1.01207,1.232715,1.060858,3
1.089922,1.160202,1.230733,3
1.427278,1.305228,1.574022,1
1.038021,1.160202,0.999641,3
0.674713,0.942664,0.458643,6
1.115872,1.305228,1.209441,3
1.790585,2.247892,1.816189,1
0.752565,0.725126,0.678467,5
0.700664,0.797639,0.514388,5
1.271575,1.232715,1.333767,3
1.01207,1.015177,1.061393,3
1.349427,1.160202,1.893034,2
0.830416,0.507589,0.981984,4
0.570911,0.362563,0.285076,7
0.830416,0.507589,0.828485,4
1.842486,2.392917,1.901987,1
1.245625,1.160202,1.226275,3
1.401328,1.160202,1.578402,2
0.805091,0.415094,0.820341,4
0.770088,0.415094,0.594873,4
0.35004,0.207547,0.143246,7
1.190135,1.660377,1.254787,3
0.665076,0.415094,0.430562,5
0.280032,0.103774,0.083769,7
0.35004,0.103774,0.11912,6
0.420048,0.207547,0.130047,7
0.980111,0.830189,0.959737,3
1.855211,2.283019,1.895248,1
0.52506,0.311321,0.317498,7
0.70008,0.726415,0.545929,5
1.540175,1.037736,1.663164,1
1.330151,1.867925,1.303699,3
0.595068,0.726415,0.383724,6
1.015115,1.349057,1.023756,3
1.365155,0.726415,1.893931,2
1.295147,1.141509,1.632158,3
1.015115,0.933962,1.235631,3
0.665076,0.415094,0.506727,5
0.52506,0.415094,0.245842,7
0.945107,1.45283,1.123028,3
0.980111,1.141509,1.079547,3
1.085123,1.245283,1.17115,3
0.630072,1.141509,0.274577,5
1.435163,1.141509,1.703189,2
0.70008,0.726415,0.775248,4
0.945107,1.45283,0.929159,3
1.365155,1.037736,1.445793,3
0.735084,0.415094,0.549089,4
0.735084,0.415094,0.733545,4
1.995227,2.801887,2.014334,1
1.225139,1.45283,1.162065,3
1.470167,1.349057,1.905879,1
1.365155,1.037736,1.901798,2
1.050119,1.349057,1.183559,3
1.785203,2.283019,2.130755,1
0.805091,0.622642,0.919087,4
1.015115,1.45283,0.847562,3
0.770088,0.415094,0.488525,5
1.435163,1.141509,1.580383,2
0.52506,0.415094,0.200913,6
1.785203,1.971698,1.912495,1
0.980111,1.245283,0.78453,3
0.439331,0.363636,0.147942,7
1.192469,1.363636,1.041995,3
0.658996,0.454545,0.277912,5
1.349372,1.090909,1.667187,2
0.533473,0.727273,0.337006,6
0.972803,0.909091,1.076068,3
0.784519,0.454545,0.671983,4
1.066946,0.909091,0.940584,3
1.443515,1.272727,1.866628,2
0.564854,0.818182,0.307147,6
1.035565,1,1.098384,3
1.569038,1.363636,1.544656,1
0.941423,1.181818,1.146632,3
1.349372,1.454545,1.466185,3
1.474895,1.909091,1.594594,1
0.40795,0.272727,0.188517,7
1.192469,1.363636,1.191446,3
0.564854,0.272727,0.217518,7
1.412134,1.181818,1.744513,2
1.098326,1.090909,0.985372,3
1.192469,1.363636,1.357491,3
1.851464,2.545455,2.155959,1
0.690377,0.818182,0.57619,5
0.84728,0.454545,0.764655,4
1.882845,2.272727,1.894302,1
1.129707,1.090909,1.392604,3
0.439331,0.272727,0.145628,7
0.972803,0.909091,0.984358,3
0.721757,0.909091,0.56152,5
1.004184,1.272727,0.703481,3
1.788703,2.545455,2.075745,1
0.690377,0.636364,0.692401,5
1.004184,1.181818,0.863309,3
0.658996,0.363636,0.201496,5
1.286611,1.181818,1.111102,3
0.690377,0.636364,0.503051,4
0.627615,0.545455,0.236843,5
0.502092,0.727273,0.124872,6
0.84728,0.363636,1.012604,4
0.8159,0.454545,1.153212,4
0.470711,0.363636,0.245218,7
1.317992,0.727273,1.925072,2
1.757322,2.090909,2.414988,1
0.972803,1.272727,1.428471,3
0.784519,0.545455,0.96316,4
0.290148,0.161654,0.063464,7
0.986505,1.131579,0.832829,3
0.464238,0.646617,0.231919,6
1.102564,1.050752,1.217821,3
1.711876,2.020677,1.792586,1
1.508772,1.93985,2.028093,1
1.91498,2.505639,1.570268,1
0.986505,1.454887,0.858896,3
0.928475,0.808271,0.86109,3
0.464238,0.323308,0.137097,7
0.928475,0.808271,0.878666,3
1.885965,2.020677,1.734697,1
1.01552,1.131579,0.939136,3
1.044534,0.889098,0.842946,3
0.493252,0.565789,0.262425,6
1.363698,1.050752,1.726696,2
1.131579,1.293233,1.022241,3
0.638327,0.565789,0.369842,5
0.464238,0.242481,0.15857,6
0.696356,0.646617,0.261522,5
0.377193,0.242481,0.09779,7
0.754386,0.484962,0.756357,4
1.247638,1.050752,1.419053,3
0.783401,0.565789,0.604394,4
0.754386,0.323308,0.625273,4
1.218623,1.293233,1.565906,3
1.160594,1.454887,1.097603,3
1.363698,1.050752,1.600826,2
1.01552,0.889098,0.948969,3
1.01552,1.212406,0.850456,3
1.334683,1.050752,1.974023,2
1.305668,1.050752,1.379075,2
1.247638,1.454887,1.204323,3
0.609312,0.404135,0.657664,5
1.595816,2.263158,2.15706,1
0.725371,0.565789,1.253386,4
0.84143,0.323308,1.189767,4
0.638327,0.565789,0.674878,5
1.01552,1.050752,1.225099,3
0.84143,1.212406,0.59136,5
1.769906,2.343985,2.335245,1
0.870445,0.484962,0.860419,4
0.493252,0.404135,0.140272,7
1.160291,1.229422,1.187656,3
0.497268,0.478109,0.204405,6
1.041894,0.956217,1.387267,3
0.449909,0.341506,0.352079,7
0.994536,1.229422,1.14122,3
2.01275,2.936953,1.970557,1
0.734062,0.683012,0.620534,5
0.734062,0.683012,0.563916,5
0.686703,0.683012,0.55603,5
0.615665,0.409807,0.730708,5
1.065574,0.956217,1.073766,3
0.994536,0.819615,1.216929,3
0.520947,0.819615,0.40986,6
1.018215,1.09282,0.803126,3
0.781421,0.478109,0.625924,4
1.468124,1.229422,1.794574,2
0.378871,0.341506,0.227751,7
0.781421,0.478109,0.859007,4
0.970856,1.366025,1.356093,3
1.444444,1.502627,1.016807,3
1.965392,2.663748,1.973649,1
0.899818,0.273205,0.665154,4
0.568306,0.819615,0.304055,6
1.183971,0.887916,0.704725,3
1.965392,2.25394,1.433986,1
1.420765,1.297723,1.215397,2
0.757741,0.273205,0.339059,4
1.326047,1.09282,2.540486,2
1.586521,1.366025,2.415648,2
0.8051,0.478109,0.880622,4
1.491803,1.297723,1.99759,1
0.710383,0.887916,0.522615,5
0.8051,0.683012,0.779951,4
1.255009,1.570928,1.570001,3
1.089253,1.639229,1.02943,3
0.449909,0.341506,0.193484,7
1.23133,1.502627,1.437617,3
0.497268,0.409807,0.185684,7
0.639344,0.54641,0.712639,5
0.725288,0.777027,0.477324,5
1.087932,1.087838,1.233706,3
1.673742,1.864865,1.887786,1
1.087932,1.010135,0.914626,3
1.924803,2.486486,2.064603,1
1.227411,1.554054,1.136002,3
1.42268,1.165541,1.520725,2
0.864767,0.621622,0.868609,4
0.446331,0.466216,0.230206,7
0.864767,0.621622,0.743845,4
0.697392,0.466216,0.513842,5
0.530018,0.621622,0.243715,6
0.808975,0.543919,0.628317,4
1.004245,0.932432,1.132558,3
1.032141,1.320946,1.041173,3
0.808975,0.466216,0.99228,4
0.58581,0.777027,0.391852,6
1.004245,1.087838,1.233099,3
0.976349,1.243243,1.037264,3
0.446331,0.233108,0.259372,7
0.502122,0.466216,0.26324,7
1.004245,1.165541,0.977069,3
1.338993,1.010135,1.643605,2
0.976349,0.932432,0.992665,3
1.534263,2.175676,1.753503,1
1.42268,1.787162,1.84584,1
0.836871,0.388514,0.809711,4
1.338993,1.398649,1.563217,3
0.641601,0.466216,0.554046,5
1.450576,1.087838,1.787104,2
0.530018,0.388514,0.244586,6
1.338993,1.320946,1.27148,3
0.362644,0.233108,0.2329,7
1.087932,1.165541,0.996574,3
0.976349,0.699324,0.798085,3
0.641601,0.466216,0.333764,5
0.669497,0.621622,0.613167,5
1.869012,2.175676,2.117385,1
1.199515,1.398649,1.482181,3
0.669497,0.85473,0.613309,5
0.474227,0.388514,0.27363,7
1.450576,1.165541,1.752996,2
0.808975,0.310811,0.874503,4
1.952699,2.486486,2.046354,1
0.502122,0.621622,0.415367,6
1.199515,1.476351,1.192814,3
1.172395,1.305344,1.177108,3
0.997783,0.961832,0.986987,3
0.54878,0.755725,0.40443,6
1.74612,2.061069,1.973685,1
0.997783,0.824427,1.095573,3
1.122506,1.305344,1.130866,3
0.523836,0.687023,0.282716,6
0.798226,0.687023,0.745915,4
0.798226,0.618321,0.674841,4
0.972838,0.89313,1.042224,3
0.498891,0.480916,0.24045,6
0.648559,0.549618,585,5
1.022727,1.099237,1.081425,3
1.072616,1.099237,1.283607,3
1.371951,1.51145,1.508776,3
0.449002,0.343511,0.262749,7
0.673503,0.549618,0.521434,5
0.972838,0.412214,0.721728,4
0.798226,0.343511,0.790313,4
0.424058,0.412214,0.268191,7
1.371951,0.961832,1.741675,2
0.399113,0.343511,0.232743,7
0.898004,0.549618,0.85559,4
0.424058,0.274809,0.271167,7
1.097561,1.099237,1.144903,3
0.498891,0.412214,0.225191,7
1.596452,2.198473,1.502779,1
1.371951,1.167939,1.567745,2
0.748337,0.274809,0.617961,4
0.972838,0.961832,1.017015,3
0.623614,0.618321,0.450272,5
1.047672,1.305344,0.781163,3
1.471729,2.061069,1.259264,1
0.498891,0.618321,0.239939,6
0.673503,0.687023,0.453226,5
1.347007,1.51145,0.944254,3
0.748337,0.618321,0.730101,5
1.796009,1.992366,2.276346,1
1.771064,2.198473,2.229926,1
1.297118,1.167939,1.358145,2
1.42184,1.099237,1.536361,2
2.170177,2.610687,2.276279,1
1.247228,1.580153,1.68657,3
0.823171,0.549618,1.283007,5
1.072616,1.236641,1.540359,3
0.713842,0.811287,0.504822,5
1.170701,1.460317,1.273655,3
0.942272,0.486772,0.777684,4
1.256363,0.973545,1.467192,2
1.827436,2.352734,1.896811,1
1.284916,1.135802,1.625639,2
0.970826,1.054674,0.85836,3
0.571074,0.811287,0.422209,6
0.77095,0.567901,0.700837,4
1.399131,1.216931,1.603499,2
0.628181,0.567901,0.595318,5
0.713842,0.811287,0.544372,5
1.027933,1.135802,1.134375,3
0.656735,0.730159,0.505611,5
1.456238,1.865961,1.782081,1
1.570453,2.190476,1.663972,1
0.456859,0.243386,0.204573,7
0.485413,0.405644,0.296623,7
1.056487,0.892416,1.096604,3
0.856611,0.64903,0.795342,4
0.999379,1.135802,0.916716,3
1.684668,1.865961,2.141272,1
1.113594,1.379189,1.105636,3
1.08504,1.054674,1.23888,3
0.828057,0.324515,0.724148,5
0.999379,0.730159,0.700612,3
0.799503,0.405644,0.693021,4
1.227809,1.541446,1.190006,3
0.399752,0.243386,0.178041,7
0.571074,0.892416,0.332344,6
0.828057,0.324515,0.567323,4
1.284916,1.379189,1.085771,3
0.599628,0.486772,0.252456,6
0.742396,0.892416,0.618381,5
0.885164,0.486772,0.664936,4
1.342024,1.054674,1.607913,2
0.999379,0.892416,0.896356,3
0.54252,0.64903,0.306938,6
1.170701,1.29806,1.367034,3
1.31347,1.541446,1.493588,3
0.456859,0.243386,0.22615,7
0.456859,0.243386,0.195114,7
1.113594,1.054674,1.049532,3
0.999379,1.216931,1.08183,3
1.941651,2.190476,2.793482,1
1.798883,2.109347,2.822942,1
0.57824,0.832103,0.228601,6
1.321692,1.361624,1.476661,3
1.184016,1.437269,1.149643,3
0.440564,0.378229,0.254993,7
0.715917,0.832103,0.628688,5
0.715917,0.52952,0.594989,5
1.404298,1.134686,1.612655,2
0.853593,0.52952,0.74869,4
1.04634,1.059041,1.153858,3
1.073875,1.134686,1.213022,3
1.514439,2.118081,1.821798,1
1.156481,1.059041,1.431578,3
1.10141,1.134686,1.157679,3
0.770987,0.907749,0.665754,5
1.04634,0.832103,1.273171,3
1.927468,2.193727,2.221825,1
0.770987,0.52952,0.758912,4
0.688381,0.756458,0.538169,5
0.853593,0.453875,0.69892,4
1.184016,1.588561,1.023299,3
1.349228,1.512915,1.280281,3
1.073875,1.361624,1.035746,3
1.486904,1.059041,1.660317,2
0.495635,0.605166,0.230925,6
0.413029,0.302583,0.210698,7
0.57824,0.832103,0.377673,6
1.321692,1.437269,1.219659,3
1.04634,0.907749,0.961436,3
0.357958,0.302583,0.112498,7
1.459369,1.210332,1.688481,2
1.762257,2.042435,2.322802,1
0.688381,0.605166,0.52517,5
0.908664,0.680812,0.853685,4
0.881128,0.378229,0.877634,4
1.04634,0.983395,1.033324,3
1.128946,1.285978,1.263973,3
0.743452,0.605166,0.703568,5
0.605776,0.832103,0.484283,6
1.899933,2.49631,2.23896,1
0.881128,0.52952,0.992555,4
0.52317,0.226937,0.273427,7
0.738929,0.465704,0.3393,5
1.165235,1.319495,1.265158,3
0.710509,0.931408,0.543188,5
0.426305,0.388087,0.210304,7
1.051553,0.931408,1.033447,3
0.682089,0.620939,0.43213,5
0.539987,0.698556,0.378644,6
0.539987,0.388087,0.315177,7
0.625248,0.931408,0.350648,6
1.762062,2.250903,2.10701,1
1.250496,1.319495,1.495558,3
1.051553,0.853791,1.179552,3
1.278916,1.086643,1.531568,2
0.966292,0.853791,0.999151,3
0.881031,0.465704,0.864433,4
0.483146,0.388087,0.214215,7
0.852611,0.543321,0.729388,4
0.966292,0.853791,1.058187,3
1.392597,0.931408,1.778924,2
1.733642,1.940433,2.08726,1
1.079974,1.241877,1.039594,3
0.483146,0.543321,0.191615,6
1.733642,2.406137,1.99468,1
0.397885,0.155235,0.198551,7
1.108394,1.16426,0.819001,3
0.82419,0.310469,0.830561,4
0.79577,0.465704,0.626095,4
1.421018,1.009025,1.314463,2
0.79577,0.310469,0.616577,4
0.454726,0.232852,0.176991,7
1.023133,1.241877,1.009459,3
1.108394,1.16426,1.170959,3
0.76735,1.086643,0.575865,5
1.136814,1.241877,1.279993,3
1.307336,1.397112,1.572261,3
0.653668,0.620939,0.544266,5
1.307336,1.16426,1.595074,2
1.136814,1.397112,1.302382,3
1.534699,2.095668,1.847516,1
0.710509,0.620939,0.566983,5
1.506279,1.940433,1.698656,1
0.966292,1.16426,1.036935,3
1.648381,1.862816,2.078282,1
1.39482,1.221239,1.240482,2
0.668351,0.40708,0.512289,5
0.92988,1.058407,0.899603,3
1.278585,1.546903,1.308644,3
1.423879,1.384071,1.720853,2
0.552116,0.244248,0.249619,6
0.668351,0.569912,0.4877,5
0.610234,0.40708,0.322344,6
1.540114,2.035398,1.76977,1
0.69741,0.732743,0.541038,5
1.133291,1.384071,1.321506,3
0.552116,0.651327,0.376485,6
0.987997,0.895575,1.054793,3
1.017056,1.139823,0.961073,3
1.075174,1.058407,1.154281,3
1.046115,0.976991,1.085434,3
0.435881,0.325664,0.249004,7
0.435881,0.40708,0.232549,7
1.452937,1.221239,1.578998,2
1.743525,1.953982,2.103297,1
0.726469,0.814159,0.661001,5
1.16235,1.302655,1.294955,3
1.104232,1.058407,1.16875,3
0.871762,0.40708,0.956227,4
0.523057,0.732743,0.406275,6
1.017056,1.139823,1.048078,3
0.871762,0.488496,0.954666,4
0.755527,0.569912,0.767062,4
0.813645,0.732743,0.710154,4
1.336702,1.465487,1.321813,3
1.046115,0.976991,0.958402,3
1.104232,1.221239,1.216792,3
1.365761,1.139823,1.687304,2
0.523057,0.244248,0.246285,7
1.133291,1.302655,1.326092,3
1.772584,1.953982,1.988559,1
2.034112,2.523894,1.960424,1
0.46494,0.325664,0.265105,7
0.813645,0.651327,0.746162,4
0.755527,0.40708,0.868867,4
1.569172,2.19823,1.640137,1
0.755527,0.814159,0.588087,5
0.668351,0.569912,0.615962,5
0.523057,0.40708,0.305156,7
1.62729,2.116814,2.030879,1
1.017056,0.814159,1.097042,3
1.231771,1.52,0.783046,3
0.630208,0.48,339,5
0.401042,0.16,0.094527,6
0.773438,0.56,0.555388,4
0.401042,0.16,0.160645,7
0.630208,0.48,0.422078,5
0.744792,0.64,0.501864,4
1.317708,1.12,1.042189,3
0.486979,0.32,0.26197,7
1.231771,1.52,1.191349,3
0.916667,1.28,1.071671,3
1.346354,1.12,1.492747,2
1.231771,1.36,1.435179,3
0.34375,0.24,0.253311,7
1.002604,1.12,1.186913,3
0.773438,0.48,0.845193,4
0.572917,0.88,0.337033,6
1.833333,2.16,1.473641,1
0.630208,0.72,0.590666,5
1.03125,1.44,1.084193,3
1.432292,1.12,1.66663,2
0.458333,0.32,0.128051,6
0.658854,0.48,0.406228,5
1.947917,2.32,2.411536,1
1.346354,0.96,1.513462,3
0.315104,0.08,0.277748,7
1.890625,2.48,2.152823,1
1.117188,1.12,1.241618,3
1.575521,1.44,2.076579,1
0.6875,0.8,0.463831,5
0.429688,0.16,0.180287,7
0.773438,0.48,0.573957,4
0.744792,0.4,0.74369,4
1.317708,1.28,1.583803,2
1.432292,1.12,1.770065,2
1.059896,1.12,0.882546,3
1.002604,1.28,0.820041,3
0.802083,0.56,0.759182,4
1.604167,2.16,2.041266,1
1.804688,2,2.370749,1
0.973958,0.96,1.19575,3
1.03125,1.2,1.056286,3
0.945313,1.12,1.361011,3
1.117188,1.28,1.200258,3
1.027937,1.087755,0.877169,3
0.881089,0.753061,0.670753,3
1.820917,2.426531,1.513346,1
0.528653,0.836735,0.302391,6
0.79298,0.418367,0.915594,4
0.587393,0.418367,0.445529,5
0.969198,1.087755,0.982982,3
0.76361,0.585714,0.807293,4
0.82235,0.669388,0.761288,4
0.76361,1.004082,0.539623,5
0.998567,0.836735,0.9206,3
0.76361,0.334694,0.72104,4
1.174785,1.255102,1.669706,3
0.734241,0.25102,0.674485,4
1.439112,1.92449,2.212512,1
0.675501,0.585714,0.522031,5
0.76361,0.418367,0.937324,4
0.440544,0.418367,0.105957,7
0.939828,1.087755,1.414651,3
0.646132,0.669388,0.210149,5
0.469914,0.25102,0.250802,7
1.762178,2.091837,2.081469,1
1.116046,1.087755,0.951849,3
0.469914,0.502041,0.112641,7
1.527221,2.091837,1.229067,1
1.262894,1.087755,1.395902,2
0.352436,0.25102,0.073059,7
1.292264,1.004082,1.797769,2
1.174785,0.669388,1.895161,3
1.380372,1.087755,1.956705,2
0.939828,0.753061,0.65481,3
0.411175,0.167347,0.120366,7
1.027937,1.255102,0.829978,3
1.145415,1.338776,1.264193,3
1.820917,1.92449,1.449517,1
0.646132,0.585714,0.29918,5
0.969198,1.338776,0.623648,3
1.262894,1.506122,1.412134,3
1.351003,1.338776,2.027507,2
1.262894,1.255102,1.327357,3
1.820917,2.342857,2.042466,1
0.618557,0.610465,0.41581,5
1.57732,1.482558,1.345884,1
1.082474,0.959302,1.015705,3
0.989691,0.872093,0.664343,3
0.494845,0.261628,0.205238,7
0.43299,0.261628,0.129884,7
0.742268,0.697674,0.594472,4
1.360825,1.133721,1.733799,2
0.742268,0.872093,0.583356,5
1.082474,1.046512,1.158203,3
0.525773,0.872093,0.322688,6
0.742268,0.523256,0.588779,4
0.371134,0.348837,0.150678,7
0.742268,0.697674,0.761029,4
0.618557,0.523256,0.447719,5
0.649485,0.523256,0.512796,5
1.360825,1.482558,1.434511,3
1.948454,2.703488,1.976819,1
1.206186,1.482558,1.247849,3
1.082474,1.30814,1.17582,3
1.206186,1.30814,1.42705,3
1.391753,0.872093,1.816224,2
1.329897,1.133721,1.684062,2
1.051546,0.959302,1.078564,3
0.525773,0.784884,0.364725,6
0.463918,0.174419,0.222946,7
1.731959,2.52907,2.044143,1
1.082474,1.30814,0.809418,3
1.85567,2.180233,2.182327,1
1.237113,1.395349,1.423215,3
1.051546,1.30814,0.873566,3
0.680412,0.610465,0.614906,5
0.804124,0.348837,0.857866,4
0.804124,0.610465,0.800309,4
0.371134,0.174419,0.272532,6
1.051546,1.046512,1.034551,3
1.020619,1.395349,1.083179,3
1.298969,0.872093,1.76418,2
1.546392,1.395349,1.743297,1
1.360825,1.30814,1.257496,3
1.082474,1.22093,1.081531,3
0.71134,0.697674,0.553514,5
1.701031,2.005814,2.236438,1
0.804124,0.436047,1.065921,4
0.463918,0.261628,0.242661,7
0.437158,0.184758,0.103153,6
1.28025,1.662818,0.802332,3
0.874317,1.200924,0.605067,3
1.748634,2.124711,1.733172,1
1.717408,2.124711,1.607203,1
0.999219,1.016166,0.743425,3
0.624512,0.277136,0.421962,5
1.124122,1.385681,1.222023,3
0.405933,0.184758,0.135973,7
1.030445,0.923788,0.928108,3
0.686963,0.461894,0.340701,5
0.624512,0.646651,0.57875,5
0.655738,0.646651,0.436621,5
1.842311,2.21709,1.700198,1
1.28025,1.016166,1.77184,2
1.436378,1.108545,1.967334,2
0.999219,1.200924,0.969854,3
1.311475,1.200924,1.26073,3
1.811085,2.309469,2.018237,1
0.999219,1.293303,1.273311,3
0.999219,1.200924,0.938535,3
0.530835,0.831409,0.306497,6
0.967994,0.554273,1.277236,3
0.468384,0.184758,0.181335,7
0.843091,0.646651,0.788403,4
0.405933,0.277136,0.249899,7
0.405933,0.184758,0.279333,7
0.437158,0.184758,0.220196,6
0.905543,1.293303,1.246302,3
1.342701,1.108545,1.955061,2
1.530055,1.47806,1.717397,1
1.311475,1.385681,1.602085,3
1.092896,0.923788,1.210827,3
0.78064,0.73903,0.953002,4
0.655738,0.369515,0.3776,5
1.467603,1.47806,1.626556,1
1.186573,1.385681,1.318636,3
0.655738,1.016166,0.633655,5
1.311475,1.108545,1.705623,2
0.811866,0.461894,0.791828,4
1.551388,1.254386,1.417319,2
0.957239,0.868421,0.808486,3
0.825206,0.385965,0.489337,4
1.023256,0.675439,1.408446,1
0.495124,0.192982,0.182878,6
0.726182,0.482456,0.510363,5
1.221305,1.54386,1.111195,3
0.75919,0.578947,0.491379,5
0.495124,0.289474,0.296917,7
1.386347,1.254386,1.429774,2
0.825206,0.482456,0.597985,4
0.429107,0.192982,0.132488,7
0.792198,0.482456,0.760171,4
0.56114,0.77193,0.237487,6
1.584396,1.254386,1.647674,2
1.188297,1.061404,1.084911,3
1.287322,1.254386,1.181272,3
0.396099,0.192982,0.277464,7
0.990248,0.77193,0.782236,4
1.88147,2.605263,2.32327,1
0.825206,0.482456,0.587639,4
1.056264,1.254386,0.861822,3
1.056264,1.254386,0.857369,3
1.386347,1.157895,1.731278,2
0.825206,0.578947,0.894165,4
1.089272,1.157895,0.920181,3
0.693173,0.578947,0.399472,5
1.782446,2.315789,2.485992,1
0.429107,0.482456,0.141126,7
0.693173,0.868421,0.625541,5
0.396099,0.482456,0.291258,7
1.287322,1.54386,1.531492,3
0.627157,0.868421,0.461781,6
1.551388,2.122807,2.190381,1
0.726182,1.061404,0.74189,5
1.353338,1.350877,1.437274,3
1.617404,1.929825,2.294208,1
1.51838,2.219298,1.53474,1
0.693173,0.77193,0.345465,5
1.056264,1.061404,1.215725,3
1.023256,1.254386,1.123784,3
1.023256,1.157895,1.145748,3
0.990248,0.964912,1.372319,3
0.924231,0.482456,1.638299,3
1.399028,1.135135,1.623476,2
0.320611,0.081081,0.215314,7
1.22415,1.378378,1.326868,3
1.369882,1.216216,1.418367,3
1.981957,2.675676,2.115412,1
0.553782,0.243243,0.207815,6
0.553782,0.72973,0.324556,6
1.020125,1.297297,1.102624,3
0.612075,0.810811,0.354166,6
1.369882,1.216216,1.715902,2
1.777932,2.108108,2.11692,1
0.641221,0.648649,0.460355,5
0.699514,0.72973,0.522745,5
1.282443,1.378378,1.413496,3
0.378904,0.405405,0.181065,7
0.466343,0.486486,0.158026,6
0.641221,0.648649,0.529742,5
1.253296,1.378378,1.488643,3
0.932686,0.648649,0.713552,4
1.136711,0.972973,1.372637,3
0.845246,0.486486,0.980433,4
1.6322,1.540541,2.022676,2
1.049271,1.216216,0.957007,3
1.923664,2.27027,2.01595,1
1.020125,0.891892,1.000186,3
1.573907,2.108108,1.761555,1
0.8161,0.324324,0.657191,4
1.049271,1.216216,1.002969,3
1.311589,1.216216,1.876595,2
0.670368,0.486486,0.528814,5
0.495489,0.324324,0.241523,7
1.020125,0.972973,1.004631,3
0.699514,0.648649,0.5459,5
0.757807,0.567568,0.578565,4
1.340736,0.810811,1.135405,3
0.378904,0.162162,0.273917,7
0.8161,0.648649,0.733459,4
0.699514,0.891892,0.481383,5
1.165857,1.216216,1.355435,3
0.466343,0.405405,0.201668,7
1.661346,2.27027,2.12179,1
0.990978,1.135135,1.161266,3
0.403237,0.175573,0.173201,7
1.054619,1.229008,0.933022,3
0.434255,0.263359,0.18555,7
0.806473,0.70229,0.629779,4
0.899528,0.351145,0.856585,4
1.116655,1.053435,1.112217,3
0.52731,0.351145,0.321525,7
0.682401,0.790076,0.334455,5
0.992583,1.141221,0.8801,3
1.085637,1.053435,1.122241,3
0.837492,0.351145,0.803622,4
1.054619,0.877863,1.023131,3
1.178692,1.316794,1.374245,3
1.302765,1.053435,1.542775,2
1.426837,1.053435,1.818193,2
1.20971,1.316794,1.310076,3
0.775455,0.790076,0.586599,5
0.806473,0.526718,0.704773,4
0.465273,0.175573,0.208082,7
0.558328,0.790076,0.376733,6
1.364801,1.053435,1.639499,2
1.023601,1.141221,1.114062,3
1.519892,2.10687,1.858126,1
1.054619,1.053435,1.145855,3
1.395819,1.931298,1.651267,1
1.799056,2.370229,2.046663,1
0.992583,0.877863,1.060417,3
1.861092,2.10687,2.096378,1
1.395819,1.229008,1.751258,2
0.434255,0.438931,0.263531,7
0.744437,0.790076,0.540593,5
1.054619,1.141221,1.103778,3
0.837492,0.351145,0.882044,4
1.20971,1.40458,1.336597,3
0.713419,0.877863,0.628456,5
0.620364,0.877863,0.433384,6
0.52731,0.438931,0.278024,6
1.706001,2.194656,2.030546,1
1.333783,1.316794,1.254227,3
1.73702,2.019084,1.869813,1
0.682401,0.526718,0.535341,5
0.992583,0.877863,0.94505,3
0.52731,0.614504,0.272111,6
0.806473,0.614504,0.799533,4
1.271746,1.492366,1.524192,3
0.775455,0.790076,0.642349,5
0.712054,0.533333,0.564403,4
0.6875,0.8,0.548667,5
1.399554,1.066667,1.687811,2
0.466518,0.333333,0.337989,7
0.662946,0.533333,0.614609,5
1375,1.133333,1.736844,2
1.055804,0.933333,1.119988,3
0.466518,0.2,0.299677,7
1.227679,1.466667,1.34621,3
1.546875,2.133333,1.775714,1
1.03125,0.933333,1.081426,3
2.013393,2.533333,2.025819,1
0.834821,0.466667,0.885484,4
0.6875,0.533333,0.631094,5
1.203125,1.333333,1.407463,3
0.564732,0.533333,0.253256,6
0.540179,0.533333,0.295219,6
1.104911,1,1.218112,3
0.933036,1.066667,0.973502,3
0.564732,0.8,0.386004,6
1.03125,1.133333,1.118028,3
0.834821,0.4,0.762727,4
1.006696,1.2,1.050837,3
0.662946,0.666667,0.462052,5
0.564732,0.733333,0.339065,6
1.203125,1.4,1.29808,3
0.810268,0.466667,0.732062,4
0.982143,1,0.72943,3
1.350446,1,1.564728,2
0.662946,0.533333,0.562578,5
0.466518,0.333333,0.306209,7
1.325893,1,1.639373,2
1.866071,2.066667,2.06342,1
1.104911,1.4,0.925583,3
1.964286,2.4,1.902275,1
1.301339,1.266667,1.414188,3
1.473214,1.933333,1.577197,1
1.816964,1.933333,2.094873,1
1.03125,1.4,1.024764,3
0.6875,0.733333,0.639471,5
0.368304,0.333333,0.279752,7
1.080357,1,1.3357,3
0.883929,0.6,0.720573,4
0.441964,0.2,0.267743,7
1.194444,1.47379,1.035063,3
1.439459,1.127016,1.647504,2
1.868234,2.340726,1.9453,1
0.643162,0.780242,0.466237,5
0.735043,0.346774,0.510482,4
1.378205,1.47379,1.53735,3
1.378205,1.21371,2.002612,2
1.255698,1.560484,1.209637,3
1.776353,1.907258,1.817952,1
1.102564,1.387097,0.794036,3
1.378205,1.127016,1.548325,2
1.500712,2.080645,1.933236,3
0.398148,0.433468,0.196696,7
0.520655,0.433468,0.233262,6
0.612536,0.780242,0.271203,6
1.194444,1.387097,1.549787,3
0.643162,0.346774,0.493833,5
0.76567,0.780242,0.58986,5
0.888177,0.346774,0.885277,4
1.041311,0.953629,0.841777,3
0.980057,0.780242,1.149946,3
0.704416,0.346774,0.689412,4
1.133191,1.040323,0.750851,3
1.071937,1.300403,1.113237,3
1.010684,1.040323,1.097677,3
1.041311,1.300403,1.158428,3
1.408832,1.040323,1.836177,2
1.500712,2.080645,1.869418,1
1.041311,1.21371,1.076672,3
0.94943,0.780242,0.91528,3
0.735043,0.346774,0.672304,4
0.826923,0.346774,0.708783,4
1.868234,2.600806,1.989201,1
0.704416,0.606855,0.334447,5
0.490028,0.693548,0.29407,6
0.581909,0.866935,0.361957,6
0.704416,0.780242,0.478416,5
0.673789,0.346774,0.764147,5
1.80698,1.993952,2.354568,1
0.459402,0.173387,0.281204,7
0.826923,0.606855,0.968237,4
0.398148,0.173387,0.33416,7
0.367521,0.260081,0.291978,7
0.516532,0.576029,0.189878,6
1.033063,0.905188,0.929546,3
0.688709,0.493739,0.429553,5
0.60262,0.740608,0.333595,6
0.717405,0.493739,0.669278,4
0.401747,0.411449,0.19109,7
1.233936,1.481216,1.321108,3
1.090455,1.398927,1.037772,3
1.348721,1.152057,1.55872,2
1.520898,2.139535,1.761486,1
1.20524,1.481216,1.320592,3
0.860886,0.576029,0.962898,4
0.373051,0.246869,0.249572,7
1.779164,2.057245,2.093096,1
1.090455,1.316637,0.914082,3
0.516532,0.576029,0.265964,6
1.090455,1.069767,1.169246,3
1.061759,1.398927,1.010941,3
0.889582,0.493739,0.729435,4
0.774797,0.905188,0.612781,5
1.033063,0.905188,1.160483,3
0.803493,0.493739,0.813614,4
0.688709,0.576029,0.60559,5
1.061759,1.234347,1.095249,3
0.688709,0.658318,0.643917,5
1.578291,1.810376,1.495367,1
0.459139,0.329159,0.350838,7
1.147848,1.069767,1.362888,3
1.147848,1.152057,1.277601,3
0.430443,0.246869,0.225421,7
1.320025,1.316637,1.655141,2
1.377417,1.152057,1.544879,2
2.066126,2.797853,2.003248,1
1.43481,1.316637,1.317396,3
0.545228,0.822898,0.344446,6
0.803493,0.329159,0.694202,4
1.033063,0.822898,0.812454,3
0.975671,0.411449,1.423483,1
0.688709,0.576029,0.314445,5
1.463506,1.152057,1.858242,2
1.320025,1.398927,1.554854,3
0.717405,0.822898,0.592239,5
0.946974,0.576029,1.103161,4
1.779164,2.057245,2.004588,1
1.320025,1.810376,1.70821,3
0.373051,0.246869,0.287408,7
0.506024,0.747331,0.237533,6
0.506024,0.597865,0.233491,6
0.581928,0.822064,0.299028,6
0.759036,0.298932,0.715487,4
0.860241,0.672598,0.728241,4
1.087952,1.046263,0.957788,3
1.189157,1.494662,1.367234,3
1.113253,1.19573,1.058636,3
0.63253,0.523132,0.258867,6
1.214458,1.494662,1.230532,3
1.593976,2.316726,1.893697,1
1.037349,0.896797,1.039694,3
1.518072,1.345196,1.824299,2
1.416867,1.120996,1.788098,2
1.163855,1.419929,1.479829,3
0.43012,0.298932,0.281159,7
0.910843,0.448399,0.758238,4
0.506024,0.224199,0.308961,7
0.733735,0.448399,0.719183,5
1.922892,2.615658,2.303308,1
0.733735,0.822064,0.699317,5
1.087952,1.120996,1.290014,3
0.43012,0.373665,0.291306,7
1.391566,1.494662,1.49425,3
0.708434,0.822064,0.543392,5
0.480723,0.448399,0.269774,7
1.062651,1.120996,1.113448,3
1.037349,1.345196,1.071902,3
1.416867,1.270463,1.487106,2
1.062651,1.120996,1.12716,3
0.43012,0.448399,0.245568,7
1.771084,2.092527,2.194771,1
1.012048,0.597865,0.740368,3
1.163855,1.419929,1.177765,3
0.708434,0.672598,0.53968,5
0.784337,0.224199,0.505211,4
0.708434,0.747331,0.499552,5
0.860241,0.298932,0.791799,4
1.872289,2.16726,2.21896,1
1.518072,2.241993,1.649548,1
0.83494,0.523132,0.80424,4
1.239759,0.597865,1.761566,2
1.045638,1.315682,0.989841,3
0.53557,0.851324,0.341096,6
1.020134,1.083503,1.188542,3
1.045638,1.238289,1.198862,3
1.504698,1.315682,1.465498,1
0.790604,0.619145,0.786863,4
0.663087,0.619145,0.548245,5
0.663087,0.619145,0.59653,5
0.943624,0.851324,1.136193,3
1.683221,2.089613,1.719302,1
1.020134,0.851324,0.917013,3
1.326174,1.00611,1.497047,3
1.071141,1.393075,1.170896,3
0.994631,1.547862,0.9688,3
1.045638,1.238289,1.165923,3
1.020134,1.547862,0.780339,3
1.377181,1.160896,1.59621,2
0.433557,0.232179,0.21124,7
1.351678,1.083503,1.183435,3
0.816107,0.464358,0.716307,4
0.484564,0.232179,0.138839,6
0.510067,0.309572,0.164452,7
0.714094,0.386965,0.492581,4
1.632215,1.934827,1.918698,1
0.663087,0.464358,0.539957,5
1.377181,1.160896,1.73275,2
0.739597,0.773931,0.667754,5
2.040268,2.244399,2.265435,1
0.841611,0.541752,0.964121,4
0.45906,0.309572,0.288105,7
0.663087,0.928717,0.558191,5
0.561074,0.773931,0.395076,6
1.173154,1.315682,1.366629,3
0.969128,0.928717,1.043126,3
1.326174,1.00611,1.488999,2
1.810738,2.553971,2.188409,1
0.892617,0.541752,0.908671,4
0.790604,0.464358,0.700025,4
1.013211,1.099476,0.837545,3
1.061459,1.099476,0.961276,3
0.554854,0.806283,0.417338,6
0.723722,0.879581,0.519483,5
0.410109,0.439791,0.286433,7
1.157955,1.172775,1.350255,3
0.820218,0.439791,0.787538,4
1.133831,1.099476,1.26921,3
0.410109,0.219895,0.228724,7
0.385985,0.219895,0.302469,7
1.350948,1.172775,1.617909,2
0.699598,0.732984,0.582931,5
0.820218,0.586387,0.844487,4
0.675474,0.439791,0.477789,5
0.916715,0.439791,0.710734,4
1.013211,0.879581,1.250937,3
1.230327,1.539267,1.285942,3
1.061459,1.026178,1.052618,3
0.458357,0.659686,0.285589,6
1.905801,2.34555,1.631941,1
1.375072,1.685864,1.591429,3
0.820218,0.732984,0.433522,4
0.434233,0.219895,0.260754,7
0.675474,0.513089,0.505831,5
1.278576,1.979058,0.963344,3
1.061459,1.39267,0.832566,3
0.65135,0.586387,0.380328,5
0.747846,0.293194,0.734957,4
0.675474,0.806283,0.430589,5
0.964963,1.026178,1.073845,3
1.085583,1.319372,1.137651,3
1.326824,1.465969,1.684628,3
0.434233,0.293194,0.249424,7
0.89259,0.732984,1.08834,3
1.3027,0.513089,1.768606,2
1.857553,2.272251,2.257747,1
1.206203,1.39267,1.408745,3
2.002298,2.858639,2.232322,1
1.399196,1.319372,1.614597,2
1.471568,1.465969,1.965891,2
0.940839,0.439791,0.852189,4
1.592188,1.39267,1.831547,1
0.52071,0.463972,0.215011,6
0.723208,0.463972,0.466032,4
0.69428,0.618629,0.533113,5
1.186062,1.005272,1.086254,3
1.56213,1.15993,1.500321,2
0.665352,0.773286,0.504051,5
1.012492,1.15993,0.872795,3
0.636423,0.618629,0.455624,5
1.648915,2.165202,1.731136,1
0.781065,0.386643,0.937484,4
1.04142,1.237258,1.179216,3
0.838922,0.309315,0.830831,4
1.099277,1.314587,0.956876,3
0.433925,0.386643,0.218549,7
0.723208,0.773286,0.868927,4
0.433925,0.231986,0.241274,7
1.764629,1.933216,2.264834,1
1.359632,1.469244,1.244313,3
1.591059,2.165202,1.795036,1
1.243918,1.15993,1.626467,3
0.578567,0.773286,0.460866,6
1.070348,0.927944,1.07096,3
1.938199,2.087873,2.050586,1
0.781065,0.386643,0.845667,4
0.433925,0.386643,0.219719,7
1.793557,2.474517,2.279162,1
1.359632,1.237258,1.624406,3
1.099277,1.314587,1.107071,3
0.665352,0.463972,0.711836,5
1.938199,2.319859,2.170854,1
0.781065,0.463972,0.70527,4
0.549638,0.386643,0.37536,7
1.475345,1.15993,1.711719,2
0.954635,1.005272,1.175043,3
1.243918,1.237258,1.490116,3
0.752137,0.773286,0.56019,5
0.578567,0.773286,0.420454,6
1.21499,1.15993,1.03943,3
1.070348,1.237258,1.18596,3
1.157133,1.314587,1.475331,3
0.723208,0.695958,0.423559,5
1.070348,1.082601,1.080223,3
0.34714,0.154657,0.13798,7
0.462853,0.386643,0.150093,6
1.216981,1.25498,1.017283,3
1.358491,1.003984,1.459158,3
0.962264,1.505976,0.779051,3
0.59434,0.501992,0.495698,5
1.867925,2.342629,1.573412,1
0.622642,0.585657,0.370526,5
0.679245,0.418327,0.8011,4
1.5,1.087649,1.490761,2
1.301887,1.087649,1.241782,3
0.59434,0.585657,0.394153,6
1.018868,1.087649,0.970114,3
0.735849,0.418327,0.450107,4
0.764151,0.669323,0.275122,4
0.849057,0.501992,0.908402,4
1.415094,1.003984,1.632523,2
1.698113,2.593625,1.750316,1
0.90566,0.836653,1.170005,3
1.216981,1.589641,1.021974,3
1.584906,1.003984,1.545819,1
1.132075,1.003984,1.050036,3
0.650943,0.501992,0.442516,5
1.103774,1.171315,0.967129,3
0.962264,1.505976,0.730219,3
0.509434,0.334661,0.480515,6
0.509434,0.334661,0.643217,7
0.622642,0.501992,0.354277,5
0.990566,0.920319,0.850529,3
0.59434,0.585657,0.280453,7
1.613208,1.338645,1.727116,1
0.764151,0.334661,0.68369,4
1.415094,1.338645,1.749293,2
1.358491,1.087649,1.502404,2
0.820755,1.171315,0.942478,3
0.59434,0.334661,0.315808,7
0.877358,0.501992,1.468797,1
0.622642,0.920319,0.430062,6
1.103774,1.505976,1.123817,3
0.962264,1.422311,0.677421,3
1.95283,3.095618,3.071125,1
1.04717,1.338645,2.468338,3
0.45283,0.418327,0.3846,7
0.45283,0.250996,0.308857,7
0.261438,0.153578,0.043731,6
1.51634,0.998255,1.023287,3
0.261438,0.076789,0.032882,6
0.75817,0.691099,0.755722,4
0.313725,0.153578,0.033777,7
0.75817,0.460733,0.416652,4
0.75817,0.614311,0.384031,4
0.313725,0.307155,0.059202,7
1.411765,0.844677,1.014712,3
0.496732,0.230366,0.155424,7
0.653595,0.614311,0.324493,5
0.732026,0.614311,0.641157,4
0.679739,0.691099,0.530209,5
1.464052,1.151832,1.776101,2
1.986928,2.841187,1.953409,1
1.176471,1.228621,1.742436,3
0.810458,0.307155,0.94619,4
0.705882,0.844677,0.476786,5
1.281046,1.612565,1.352776,3
0.705882,0.614311,0.447707,5
0.54902,0.767888,0.353572,6
1.228758,1.458988,1.826691,3
1.568627,2.073298,1.984501,1
0.679739,0.614311,0.708338,5
0.444444,0.383944,0.32837,7
1.176471,1.151832,1.665824,3
1.150327,1.458988,0.941642,3
1.124183,0.921466,1.464507,3
1.045752,0.998255,1.090505,3
1.071895,0.691099,1.118167,3
1.803922,2.457243,3.070681,1
1.385621,1.228621,2.086763,2
2.013072,3.071553,1.683607,1
0.54902,0.767888,0.182229,6
1.071895,0.844677,1.01598,3
1.045752,1.458988,0.827898,3
0.313725,0.153578,0.107369,7
1.934641,2.226876,1.466371,1
1.124183,1.612565,0.988467,3
1.594771,1.228621,1.887384,2
0.679739,0.537522,0.535615,5
1.019608,0.844677,1.034583,3
1.568627,1.535777,2.245095,1
0.810458,0.460733,1.275157,4
0.995115,1.172549,0.935493,3
1.348221,1.172549,1.421211,2
0.67411,0.541176,0.370361,5
1.091417,1.352941,1.280895,3
1.476622,1.803922,1.827205,1
1.444522,1.803922,1.916469,1
0.995115,1.082353,1.019497,3
1.059316,1.352941,1.024345,3
0.930914,1.172549,1.065496,3
1.123517,0.992157,0.91466,3
0.513608,0.45098,0.245231,6
1.28402,1.623529,1.356674,3
0.481507,0.270588,0.332303,7
0.385206,0.270588,0.244174,7
1.348221,0.992157,1.91206,2
0.898814,0.721569,1.161541,3
1.187718,1.172549,1.281462,3
0.866713,0.45098,0.925257,4
0.770412,0.45098,0.817377,4
0.770412,0.721569,0.627298,5
0.545708,0.811765,0.362264,6
1.797627,1.984314,2.106445,1
0.802512,0.45098,0.598574,4
0.577809,0.901961,0.303606,6
1.187718,1.352941,1.282957,3
1.31612,1.352941,1.38024,3
1.155618,1.082353,1.195937,3
0.706211,0.360784,0.629773,5
0.995115,1.443137,1.076428,3
0.481507,0.45098,0.271067,6
1.893929,2.164706,1.824162,1
0.385206,0.270588,0.200522,7
1.123517,1.262745,1.012716,3
1.444522,1.172549,1.932275,2
1.797627,2.254902,2.370653,1
0.770412,0.45098,0.613271,4
0.866713,0.45098,0.805851,4
1.412421,1.443137,1.549151,2
0.898814,0.360784,0.908781,4
0.481507,0.360784,0.193302,7
0.738311,0.811765,0.295278,5
1.28402,1.262745,1.331921,3
0.417306,0.360784,0.145447,7
1.829728,2.435294,1.878515,1
0.706211,0.721569,0.377786,5
0.738311,0.45098,0.67407,5
1.304768,0.598513,1.655629,3
1.027158,0.855019,1.117324,3
0.777308,0.684015,0.599483,4
1.221485,1.539033,1.352759,3
0.638503,0.427509,0.634727,5
1.027158,1.453532,0.868499,3
0.666264,0.684015,0.490577,5
0.888352,0.598513,0.962564,4
0.638503,0.684015,0.47368,5
0.83283,0.684015,0.91798,4
0.444176,0.684015,0.128614,7
0.416415,0.256506,0.18151,7
1.91551,2.821561,2.074085,1
1.415812,1.282528,1.846207,2
1.859988,2.650558,1.809603,1
0.444176,0.342007,0.188039,6
0.610742,0.513011,0.530023,5
0.444176,0.342007,0.402678,7
1.054919,1.197026,0.98336,3
1.054919,1.197026,0.97792,3
1.388051,1.111524,1.410794,2
0.749547,0.342007,0.616229,4
0.55522,0.94052,0.24544,6
1.332529,1.795539,1.325313,3
0.916113,1.111524,0.711654,3
1.110441,1.026022,0.962111,3
1.804466,2.223048,1.823144,1
1.221485,1.36803,0.920247,3
1.526856,1.624535,1.058352,1
0.638503,0.598513,0.224886,5
0.805069,0.513011,0.874242,4
0.416415,0.171004,0.408844,7
1.027158,1.026022,1.00739,3
1.054919,1.36803,1.229586,3
0.860591,0.342007,0.949204,4
1.08268,1.282528,0.984509,3
1.415812,1.282528,2.138921,2
1.388051,1.111524,1.503408,2
0.666264,0.769517,0.621186,5
0.499698,0.684015,0.302356,6
1.91551,0.598513,2.811643,1
1.665661,1.453532,2.263515,1
1.054919,1.026022,1.160458,3
1.277007,1.881041,1.580395,3
0.471937,0.427509,0.473408,7
0.471937,0.427509,0.1975,6
0.807542,0.422794,0.608918,4
0.687906,0.761029,0.463267,5
1.674902,1.860294,1.93767,1
1.076723,1.014706,1.210755,3
0.957087,1.268382,0.949115,3
1.016905,1.099265,1.046043,3
0.628088,0.507353,0.553956,5
1.495449,1.944853,1.719723,1
1.046814,1.183824,0.96727,3
1.16645,1.4375,1.013014,3
0.927178,0.507353,0.807695,4
1.794538,2.536765,1.818615,1
0.478544,0.338235,0.219523,7
0.508453,0.253676,0.208859,7
0.927178,1.099265,1.129284,3
0.897269,0.676471,0.907473,4
0.448635,0.169118,0.287804,7
0.986996,1.352941,0.862528,3
1.286086,1.099265,1.626401,2
0.56827,0.422794,0.301555,6
1.106632,0.930147,1.013489,3
1.345904,1.522059,1.513217,3
0.657997,0.507353,0.493339,5
0.56827,0.761029,0.3707,6
1.405722,1.183824,1.430365,2
1.016905,0.930147,0.982101,3
0.837451,0.507353,0.768946,4
1.884265,2.367647,1.960812,1
1.46554,2.029412,1.663617,1
1.046814,0.930147,1.216929,3
1.106632,1.099265,1.256283,3
1.106632,1.183824,1.358284,3
0.538362,0.507353,0.286854,6
0.508453,0.253676,0.315631,7
0.598179,0.422794,0.442738,7
1.794538,2.198529,2.219776,1
1.405722,1.014706,1.787659,2
0.86736,0.930147,0.732312,4
1.196359,0.761029,1.558853,2
0.717815,0.845588,0.411932,5
0.837451,0.507353,0.769615,4
1.286086,1.4375,1.261982,3
0.687906,0.591912,0.714653,5
0.747724,0.422794,0.901428,5
1.196359,1.352941,1.49068,3
0.687906,0.845588,0.438334,6
0.628702,0.503125,0.528702,5
1.231207,0.8625,1.370354,2
1.283599,1.00625,1.340407,2
0.733485,0.8625,0.591187,5
1.15262,1.29375,1.252582,3
0.759681,0.71875,0.663751,5
1.46697,1.940625,1.734951,1
0.707289,0.646875,0.420014,5
1.02164,0.934375,0.904739,3
1.02164,1.15,0.964894,3
0.550114,0.71875,0.384832,6
1.02164,0.8625,0.979553,3
0.471526,0.215625,0.289468,7
1.309795,1.4375,1.269309,3
1.388383,1.15,1.588672,2
1.074032,1.15,1.10879,3
0.471526,0.215625,0.196722,7
0.366743,0.14375,0.233266,7
0.44533,0.2875,0.245778,7
1.938497,2.5875,1.922799,1
0.419134,0.359375,0.178634,7
0.57631,0.71875,0.409779,6
1.02164,1.221875,0.980024,3
1.178815,1.221875,1.305041,3
1.074032,0.934375,1.169574,3
1.728929,1.940625,1.974787,1
0.497722,0.71875,0.253082,6
0.628702,0.646875,0.523231,5
1.46697,2.0125,1.709061,1
1.755125,2.44375,1.901726,1
1.335991,1.15,1.51425,2
0.969248,0.934375,1.017824,3
1.859909,2.084375,1.846623,1
0.995444,1.00625,0.95746,3
0.681093,575,0.568596,5
1.362187,1.4375,1.363626,3
0.916856,0.646875,0.716629,4
0.759681,0.8625,0.660112,4
0.916856,0.503125,0.713645,4
0.916856,575,0.723383,4
0.995444,1.00625,0.995521,3
1.15262,1.221875,1.047064,3
0.995444,1.00625,1.676628,4
0.838269,0.359375,1.246352,4
1.283599,0.8625,1.720344,3
0.628702,0.8625,0.836233,6
1.444385,0.799368,1.359747,3
0.979244,1.453397,0.742784,3
1.32198,0.872038,1.164055,3
0.709952,0.726698,0.628752,5
0.979244,1.017378,0.998726,3
1.909526,2.252765,1.667751,1
0.758914,0.290679,0.870134,4
0.465141,0.218009,0.269515,7
0.416179,0.508689,0.112407,7
1.028206,1.235387,1.062481,3
0.807877,0.363349,0.958326,4
0.514103,0.799368,0.273052,6
1.958489,2.688784,1.855638,1
0.612028,0.436019,0.578698,5
1.175093,1.453397,1.326612,3
0.709952,0.726698,0.604474,5
0.856839,0.508689,0.571561,4
0.636509,0.436019,0.609986,5
0.709952,1.017378,0.320876,5
1.028206,1.162717,1.113618,3
0.514103,0.363349,0.180973,6
1.566791,1.235387,1.661666,1
0.587547,0.799368,0.427325,6
0.856839,0.654028,0.538712,4
1.395423,1.235387,1.42433,2
0.954763,1.162717,0.850316,3
0.758914,0.436019,0.652234,4
1.836083,2.398104,2.02976,1
0.489622,0.218009,0.13984,7
0.538584,0.508689,0.231632,6
0.318254,0.14534,0.273689,7
1.052688,1.308057,0.835915,3
0.636509,0.581359,0.312624,5
1.028206,1.090047,0.720927,3
1.126131,1.308057,1.181515,3
1.077169,1.162717,1.129135,3
0.783395,0.508689,1.028995,4
1.444385,1.090047,2.032277,2
1.444385,1.598736,1.66619,1
1.077169,1.598736,0.8651,3
1.052688,1.017378,1.503346,3
1.98297,3.197472,2.541422,1
0.367217,0.14534,0.340184,7
1.273018,1.598736,1.455363,3
1.419904,0.799368,2.537821,2
1.395423,0.872038,2.349521,2
1.489572,1.796875,1.498299,1
0.984632,1.078125,0.826617,3
0.605928,0.503125,0.50901,5
1.33809,1.509375,1.210459,3
0.50494,575,0.18557,6
0.353458,0.215625,0.220544,7
0.479693,0.215625,0.180074,7
0.454446,0.215625,0.333949,7
0.782656,1.00625,0.514939,5
0.706915,0.790625,0.553094,5
1.060373,1.221875,1.110262,3
1.312843,1.365625,1.225162,3
1.009879,0.8625,0.989337,3
1.792536,2.0125,1.695992,1
1.211855,1.365625,1.368817,3
0.681668,575,0.381046,5
1.009879,1.15,0.972441,3
1.08562,1.15,0.894925,3
0.555434,0.790625,0.238549,6
0.656422,0.71875,0.276607,5
0.656422,575,0.383698,5
1.060373,1.15,1.24753,3
1.186608,1.58125,1.410804,3
0.530187,575,0.208396,6
0.984632,1.078125,0.720756,3
0.984632,1.221875,1.078928,3
1.363337,1.29375,1.675625,2
0.984632,0.790625,0.628296,3
0.555434,0.790625,0.468613,6
1.363337,1.15,1.713371,2
0.83315,0.503125,0.739749,4
1.110867,1.29375,1.292651,3
1.817783,2.44375,2.106155,1
1.540066,2.15625,1.867896,1
1.009879,0.8625,1.187007,3
0.454446,0.2875,0.204756,7
0.858397,0.646875,0.837849,4
0.83315,0.646875,0.702895,4
1.009879,0.503125,0.824857,4
0.908891,0.646875,0.773951,4
1.84303,1.365625,2.752216,1
1.439078,1.15,2.185045,2
0.454446,0.215625,0.300952,7
0.807903,0.71875,0.694508,4
1.464325,0.8625,2.135609,2
1.868277,2.371875,2.672193,1
0.819398,0.651163,0.687625,4
0.795987,0.455814,0.694605,4
0.959866,0.846512,0.933732,3
1.123746,1.04186,1.058605,3
1.381271,0.976744,1.605023,2
1.123746,1.302326,1.292854,3
0.51505,0.716279,0.376641,6
0.936455,0.911628,1.015777,3
1.264214,1.302326,1.471876,2
0.67893,0.651163,0.4092,5
0.538462,0.716279,0.321333,6
1.006689,1.172093,0.927452,3
0.632107,0.846512,0.566983,5
1.35786,1.106977,1.407161,2
0.749164,0.781395,0.571673,5
1.287625,1.367442,1.458507,3
0.51505,0.52093,0.222012,6
0.351171,0.325581,0.275594,7
1.076923,1.04186,0.831877,3
0.866221,0.976744,0.978016,3
0.655518,0.52093,0.447366,5
1.19398,1.367442,1.609686,3
0.468227,0.390698,0.406586,7
0.585284,0.52093,0.653448,5
0.772575,0.586047,0.611401,4
0.444816,0.260465,0.207727,7
0.983278,0.781395,1.014214,3
0.608696,0.52093,0.588869,5
1.826087,2.213953,2.0484,1
1.334448,0.976744,1.350749,2
1.0301,1.432558,0.916348,3
1.217391,1.497674,1.306007,3
0.819398,0.455814,0.889502,4
0.913043,0.651163,0.794062,4
1.87291,2.539535,1.966328,1
1.849498,2.604651,1.731433,1
0.608696,0.846512,0.322546,6
1.474916,1.953488,1.691542,1
1.732441,2.018605,2.102683,1
0.795987,0.455814,0.647599,4
1.240803,1.237209,1.245794,3
1.591973,0.455814,2.341163,1
0.870662,0.485915,0.986389,4
0.986751,1.052817,0.921149,3
0.435331,0.161972,0.169452,6
0.783596,0.485915,0.761633,4
1.015773,0.971831,0.993812,3
1.189905,1.376761,1.324635,3
0.464353,0.242958,0.186954,7
1.509148,1.214789,1.628963,2
0.783596,0.485915,0.636978,4
1.654259,2.105634,1.774574,1
1.073817,0.647887,1.167089,3
0.870662,0.647887,0.877951,4
0.522397,0.40493,0.371851,7
0.725552,0.566901,0.556949,5
1.015773,0.971831,0.998837,3
1.683281,2.18662,1.964783,1
0.609464,0.971831,0.322429,5
1.39306,1.376761,1.309075,3
0.986751,0.809859,1.018937,3
0.667508,0.566901,0.254534,5
0.55142,0.809859,0.305184,6
0.609464,0.728873,0.387155,6
1.044795,1.538732,0.875695,3
0.667508,0.647887,0.503701,5
1.422082,1.457746,1.45737,3
0.957729,1.295775,1.008487,3
0.69653,0.647887,0.540447,5
1.160883,1.376761,0.927773,3
0.435331,0.323944,0.207168,7
1.131861,1.457746,1.420567,3
1.39306,1.214789,1.363722,2
1.596215,2.024648,1.920043,1
0.957729,0.971831,1.192443,3
0.406309,0.242958,0.282143,7
1.015773,1.133803,1.022563,3
1.625237,2.024648,1.540483,1
0.812618,0.485915,0.704416,4
1.131861,1.133803,1.183306,3
1.828391,2.429577,1.933719,1
0.319243,0.080986,0.217218,7
1.480126,1.052817,2.055804,2
1.335016,1.133803,1.552531,2
0.812618,0.485915,0.818793,4
0.580442,0.485915,0.168509,6
0.899685,0.647887,1.492773,5
1.886435,2.429577,2.691012,1
1.042338,1.013559,1.077558,3
0.356589,0.155932,0.256584,7
1.892665,2.572881,1.717036,1
0.658318,0.623729,0.56185,5
1.316637,1.013559,1.861602,2
1.316637,1.169492,1.434967,2
0.521169,0.701695,0.40944,6
1.042338,1.091525,0.845008,3
1.344067,1.481356,1.384136,3
0.850328,0.311864,0.77955,4
1.536076,2.105085,1.80731,1
0.411449,0.155932,0.171475,7
1.481216,1.247458,1.560021,2
1.344067,1.40339,1.263436,3
0.877758,0.779661,0.90131,4
1.097197,1.169492,1.313374,3
0.768038,0.545763,0.65458,4
1.453787,1.169492,1.345894,2
0.466309,0.389831,0.191321,6
0.960048,0.857627,1.014305,3
0.356589,0.233898,0.250303,7
0.466309,0.311864,0.350319,7
0.493739,0.545763,0.278385,6
1.042338,1.169492,1.111557,3
1.261777,1.325424,1.214503,3
1.069767,1.169492,0.857318,3
0.822898,0.857627,0.717916,5
1.782946,2.105085,2.153553,1
0.466309,0.389831,0.210024,7
1.590936,1.325424,1.973732,1
0.822898,0.467797,0.827143,4
0.987478,0.779661,1.111948,3
1.014908,1.247458,0.764616,3
0.768038,0.935593,0.672919,5
1.206917,1.40339,1.086742,3
1.700656,2.105085,1.660483,1
0.548599,0.701695,0.496783,6
1.152057,1.013559,1.104299,3
1.755516,2.105085,2.202374,1
0.685748,0.701695,0.412343,5
0.685748,0.467797,0.590517,5
1.069767,1.325424,0.853131,3
0.960048,1.247458,1.189353,3
0.822898,0.857627,0.738768,4
0.768038,0.545763,1.123867,5
0.960048,0.701695,1.496349,4
0.29342,0.07438,0.072019,7
0.666864,0.595041,0.321041,5
0.560166,0.818182,0.292991,6
1.040308,0.892562,0.812661,3
1.360403,1.561983,1.464878,1
0.666864,0.520661,0.492541,5
1.360403,1.041322,1.54368,2
0.800237,0.818182,0.606943,5
0.426793,0.446281,0.203824,7
0.506817,0.22314,0.322065,7
0.506817,0.297521,0.278659,6
0.773563,0.446281,0.862952,4
1.013634,0.892562,1.40348,3
0.586841,0.892562,0.383821,6
0.826912,0.371901,0.828555,4
1.040308,1.264463,1.08313,3
1.653823,2.231405,1.659438,1
0.506817,0.743802,0.294373,6
0.800237,0.520661,0.589284,4
1.120332,1.264463,1.339446,3
1.440427,1.710744,1.299725,3
0.426793,0.22314,0.238298,7
0.880261,0.743802,0.715356,4
1.22703,1.264463,1.485762,3
0.666864,0.446281,0.529754,5
1.013634,0.966942,0.924759,3
0.880261,0.446281,0.882326,4
1.013634,1.041322,0.934331,3
0.773563,0.595041,0.563562,4
1.066983,1.115702,1.203879,3
1.013634,1.264463,1.006478,3
0.960285,0.892562,0.996472,3
0.960285,0.966942,0.868633,3
1.173681,1.264463,1.103298,3
1.600474,2.157025,1.541991,1
1.360403,1.338843,1.907462,2
1.040308,1.190083,1.14742,3
1.413752,1.190083,1.911045,2
1.387078,1.413223,1.314288,3
0.773563,0.743802,0.543267,5
1.893894,2.603306,1.956012,1
1.467101,1.115702,2.15308,2
1.86722,2.157025,2.602138,1
1.733847,1.933884,2.076761,1
0.453468,0.297521,0.238119,7
0.647491,0.5,0.372199,5
1.914321,2.666667,1.868563,1
1.097919,1.083333,0.925344,3
0.394125,0.416667,0.170422,7
0.872705,0.666667,0.775338,4
0.760098,0.5,0.484994,4
1.238678,1.416667,1.273371,3
0.675643,0.583333,0.433583,5
1.041616,0.916667,1.00242,3
0.647491,0.416667,0.468225,5
0.506732,0.25,0.322003,7
0.675643,0.666667,0.386398,5
0.47858,0.666667,0.208545,6
1.041616,0.416667,2.006745,1
1.407589,1.333333,1.329754,2
0.450428,0.25,0.252497,7
1.463892,1.166667,2.092329,2
1.041616,0.833333,1.014437,3
0.731946,0.75,0.549775,5
1.154223,1.166667,1.198064,3
1.097919,1.333333,1.239005,3
0.422277,0.333333,0.206031,7
1.26683,1.5,1.377464,3
0.872705,1.166667,1.044245,3
1.323133,1.666667,1.451776,1
1.379437,1.666667,1.486142,3
1.069767,1.25,0.997944,3
0.985312,1.25,0.945898,3
1.660955,1.833333,1.836655,1
1.351285,1.083333,1.619961,2
0.563035,0.833333,0.243685,6
1.773562,2.583333,1.725656,1
0.95716,1,0.987944,3
1.154223,1.416667,1.419206,3
0.816401,1.083333,0.744812,5
1.407589,1.083333,1.901658,2
1.323133,1.416667,1.563632,3
0.647491,0.333333,0.256807,6
1.886169,2.25,1.887486,1
1.154223,0.583333,1.468103,3
0.591187,0.833333,0.575495,6
0.844553,0.5,0.70528,4
0.900857,0.833333,0.734259,4
0.47858,0.25,0.299378,7
0.985312,0.75,1.161626,4
0.844553,0.5,0.98485,4
0.996949,0.821656,1.075663,3
1.206833,1.095541,1.34224,3
1.364246,0.753185,1.500728,3
0.918243,0.821656,0.843496,3
0.708359,0.821656,0.43081,5
1.075656,1.437898,0.905421,3
0.813301,0.547771,0.655885,4
1.04942,1.164013,1.724588,3
0.288591,0.068471,0.190468,7
1.04942,1.02707,1.083412,3
1.652837,4.313694,1.953011,1
0.944478,0.958599,0.89301,3
0.839536,0.410828,0.829477,4
0.787065,0.410828,0.887855,4
0.52471,0.684713,0.367737,6
1.600366,2.05414,1.606157,1
1.128127,1.300955,0.946594,3
0.550946,0.821656,0.348201,6
1.023185,0.821656,0.95999,3
0.341062,0.136943,0.226585,7
0.446004,0.342357,0.307881,7
1.390482,1.437898,1.363385,3
1.390482,1.095541,1.578478,2
2.04637,2.464968,2.311292,1
0.813301,0.410828,0.758687,4
1.128127,0.958599,1.342896,3
0.682123,0.410828,0.557581,5
0.472239,0.273885,0.17438,6
0.577181,0.273885,0.226519,6
0.655888,0.410828,0.655787,5
0.682123,0.753185,0.399421,5
1.547895,1.917197,1.584355,1
1.233069,1.095541,1.267904,3
1.442953,1.02707,1.909605,2
1.495424,1.095541,1.740807,2
1.180598,1.300955,1.493406,3
0.787065,0.753185,0.73925,5
0.498475,0.479299,0.229671,7
1.862721,2.601911,2.017037,1
0.918243,0.616242,0.646396,4
0.865772,0.479299,0.980774,4
0.734594,0.890127,0.602596,5
1.28554,1.437898,1.340565,3
975,0.897898,0.7587,3
1275,0.690691,1.152799,3
1075,1.312312,0.917894,3
1375,1.243243,1.375758,2
0.7,0.552553,0.374433,5
375,0.345345,0.152585,7
1,1.381381,0.827936,3
975,1.174174,0.823873,3
525,0.690691,0.274967,6
475,0.345345,0.191348,7
0.5,0.690691,0.194815,6
0.55,0.75976,0.309071,6
1475,1.036036,1.642707,2
925,0.828829,1.009099,3
0.65,0.483483,0.620038,5
1175,1.312312,1.275262,3
1075,1.036036,1.081179,3
0.8,0.828829,0.570901,5
675,0.552553,0.501637,5
375,0.276276,0.208711,7
1.9,2.417417,1.676513,1
1025,0.75976,0.973722,3
0.95,1.105105,1.023211,3
1.6,2.072072,1.405338,1
0.8,0.621622,0.742149,4
1.35,1.036036,1.538717,2
1175,1.243243,1.28756,3
625,0.552553,0.376059,5
0.8,0.828829,0.602512,5
0.55,0.690691,0.242679,6
475,0.207207,0.382966,7
1.1,1.036036,1.275398,3
0.75,0.414414,0.605275,4
1.9,2.21021,2.167071,1
1475,2.072072,1.884628,1
1225,1.51952,1.454041,3
1.35,1.036036,1.676756,2
0.9,0.621622,0.816397,4
1,0.828829,1.089305,3
1.8,2.072072,1.965349,1
0.75,0.414414,0.927185,4
425,0.207207,0.339003,7
925,0.621622,0.86017,4
825,0.345345,1.152826,4
1.95,2.555556,2.729547,1
1425,2.072072,2.541911,3
1.029821,0.998172,0.811644,3
0.695825,0.61426,0.318108,5
0.695825,0.691042,0.395699,5
0.946322,1.074954,0.740138,3
1.029821,1.228519,0.861982,3
1.280318,1.458867,1.541382,3
0.974155,0.691042,0.596388,3
0.500994,0.691042,0.27769,6
1.335984,0.998172,1.558899,2
1.224652,1.305302,1.267638,3
0.667992,0.537477,0.396473,5
0.640159,0.460695,0.505263,5
0.640159,0.537477,0.592332,5
1.280318,1.382084,1.176255,3
1.753479,2.380256,2.35782,1
0.500994,0.691042,0.234248,6
1.029821,1.228519,0.719597,3
1.11332,1.151737,1.279734,3
1.836978,2.380256,2.233837,1
0.500994,0.691042,0.395847,6
0.779324,0.537477,0.66653,4
0.779324,0.691042,0.711115,5
1.057654,1.305302,1.323065,3
1.781312,1.996344,2.485823,1
0.528827,0.460695,0.21839,6
0.417495,0.076782,0.240185,7
1.447316,1.074954,1.621813,2
0.417495,0.153565,0.183947,7
1.586481,2.149909,1.9678,1
1.168986,1.228519,1.287442,3
1.141153,1.228519,1.267454,3
1.753479,1.996344,2.031747,1
1.502982,1.919561,2.010284,1
0.946322,0.767824,0.920876,3
0.974155,0.691042,0.947096,3
0.445328,0.537477,0.157026,7
1.224652,0.921389,1.610602,2
1.39165,0.998172,1.654339,2
0.500994,0.230347,0.188483,7
1.057654,0.921389,0.914275,3
0.473161,0.230347,0.254531,7
0.946322,0.691042,1.076205,4
1.439084,1.887133,1.639717,1
0.647588,0.595937,0.378731,5
1.762878,2.383747,2.088023,1
1.295176,1.291196,1.46228,3
1.331153,1.489842,1.564087,3
0.611611,0.69526,0.304007,6
1.187244,1.390519,1.244417,3
0.611611,0.893905,0.340372,6
1.079313,1.191874,1.150332,3
0.431725,0.397291,0.241719,7
1.043336,1.092551,1.18938,3
0.827473,0.397291,0.768447,4
0.503679,0.69526,0.192302,6
1.690924,1.78781,2.225071,1
1.295176,0.893905,1.765018,2
1.007359,1.291196,0.944326,3
1.007359,0.893905,0.937872,3
0.647588,0.69526,0.563347,5
0.683565,0.397291,0.444789,5
1.043336,1.191874,0.898063,3
1.223222,1.489842,1.251922,3
1.007359,1.191874,1.287272,3
1.798855,2.284424,1.995208,1
0.539657,0.297968,0.205318,6
1.259199,1.291196,1.175277,3
1.007359,0.893905,1.016693,3
1.043336,0.794582,0.941244,3
0.971382,0.794582,0.914451,3
0.719542,0.69526,0.625598,5
0.719542,0.496614,0.592062,5
1.403107,1.191874,1.694391,2
0.611611,0.496614,0.40799,5
1.331153,0.993228,1.41076,2
1.475061,2.085779,1.604367,1
0.935405,0.397291,1.125243,4
0.395748,0.198646,0.336275,7
0.863451,0.893905,0.823339,3
0.395748,0.198646,0.320431,7
0.791496,0.69526,0.49214,4
1.762878,2.085779,1.923493,1
0.719542,0.397291,0.894582,4
1.36713,1.688488,1.630798,2
0.539657,0.198646,0.280586,7
0.971382,0.69526,0.708262,4
1.012298,0.910072,0.977016,3
1.012298,1.07554,0.931916,3
0.387055,0.248201,0.239384,7
1.399353,1.158273,1.688253,2
0.77411,0.827338,0.714533,5
1.280259,1.489209,1.393559,3
1.131392,1.323741,1.100661,3
0.595469,0.827338,0.403761,6
0.68479,0.330935,0.584136,5
1.54822,1.654676,1.766315,1
1.339806,1.489209,1.385627,3
1.071845,1.323741,1.036507,3
0.952751,0.744604,1.026351,3
0.833657,0.661871,0.711853,4
0.952751,1.158273,0.961715,3
0.744337,0.661871,0.695185,4
0.506149,0.330935,0.34025,7
0.68479,0.661871,0.463439,5
0.506149,0.413669,0.239652,6
1.250485,0.992806,1.640982,2
0.893204,0.661871,0.856078,4
1.071845,1.241007,0.988459,3
0.535922,0.248201,0.287941,6
0.535922,0.744604,0.368816,6
1.131392,0.992806,1.208923,3
1.369579,0.992806,1.686699,2
0.416828,0.330935,0.245735,7
1.726861,2.068345,2.007789,1
1.101618,1.158273,1.108968,3
1.369579,1.406475,1.452059,3
0.68479,0.330935,0.509665,5
0.714563,0.744604,0.607423,5
0.982524,0.992806,0.821322,4
1.220712,1.406475,1.350629,3
1.845955,2.151079,2.092443,1
1.577994,2.151079,1.643555,1
0.68479,0.661871,0.647512,5
1.875728,2.564748,1.856623,1
1.012298,1.158273,1.013676,3
1.429126,1.158273,1.684314,2
0.893204,0.661871,0.980848,4
1.4589,1.985612,1.920509,1
1.042071,1.07554,0.953354,3
0.803883,0.248201,0.815158,4
0.535922,0.165468,0.304127,7
0.416828,0.413669,0.28628,7
0.454291,0.642857,0.126603,6
0.984296,0.928571,0.772672,3
0.530006,0.428571,0.296105,7
0.630959,0.571429,0.336572,5
0.30286,0.214286,0.111534,6
0.656197,0.571429,0.447937,5
0.328099,0.142857,0.229656,7
0.429052,0.357143,0.142353,6
1.160965,1.357143,1.229602,3
0.630959,0.857143,0.330739,5
1.362872,0.928571,1.28261,3
0.858104,0.571429,0.896821,4
1.110488,1.071429,0.988985,3
0.530006,0.714286,0.261033,6
1.060011,1.142857,0.981256,3
1.337633,1.071429,1.233831,2
1.186203,1.357143,1.170006,3
0.378575,0.285714,0.125194,7
0.605721,0.357143,0.39573,5
0.807628,0.714286,1.137948,4
1.186203,1.5,1.055677,3
1.009534,0.928571,0.96852,3
0.630959,0.571429,0.433548,5
1.993831,2.571429,2.22945,1
1.261918,1.214286,1.645286,3
1.362872,1.785714,1.718953,1
1.287156,1.142857,1.677149,2
1.665732,2.285714,1.863275,1
1.034773,1.142857,1.217984,3
0.807628,0.5,0.653336,4
1.009534,1.285714,0.841746,3
1.060011,0.857143,1.130438,3
1.009534,1.357143,1.000529,3
0.832866,0.785714,0.750336,4
1.060011,1.5,0.999071,3
1.918116,2.214286,2.394796,1
0.706674,0.571429,0.530354,5
0.782389,0.5,0.613549,4
1.438587,1.214286,1.400391,2
1.514302,2,1.839772,1
1.867639,2.142857,1.992625,1
0.908581,0.5,0.613403,4
0.454291,0.357143,0.299507,7
1.590017,0.5,2.755405,2
1.261918,1.285714,1.877712,3
0.921053,0.913907,0.706448,3
0.842105,0.68543,0.706377,4
0.631579,0.68543,0.424085,5
1.157895,1.44702,1.298719,3
1.210526,1.370861,0.745726,3
0.447368,0.304636,0.118845,7
1.052632,1.142384,1.061509,3
1.473684,1.751656,1.480429,1
0.894737,0.533113,0.722741,4
0.763158,0.456954,0.844017,4
1.236842,1.294702,1.573734,3
0.973684,0.913907,0.830546,3
1.342105,1.218543,1.950306,2
0.684211,0.837748,0.501168,5
0.526316,0.380795,0.398953,7
0.5,0.456954,0.223047,7
0.657895,0.609272,0.46528,5
1,1.370861,0.828825,3
0.605263,0.990066,0.314665,6
1.394737,1.066225,2.004794,2
0.710526,0.456954,0.465262,5
0.868421,0.761589,0.640512,4
1.052632,1.294702,0.915988,3
0.657895,0.380795,0.334455,5
1.210526,1.370861,1.284396,3
0.447368,0.304636,0.118188,6
2,2.741722,2.188262,1
1.973684,2.665563,1.990241,1
0.684211,0.837748,0.416187,5
1.105263,0.990066,0.910255,3
0.552632,0.68543,0.269246,7
0.552632,0.837748,0.392262,6
1.342105,1.370861,1.507194,3
0.921053,0.304636,0.760475,4
0.868421,0.533113,1.008387,4
1,1.44702,1.152861,3
1.815789,2.360927,2.272994,1
1.526316,0.533113,1.931528,1
1.210526,0.990066,1.746836,2
1.210526,1.066225,1.770371,2
1.131579,1.218543,1.380806,3
1.578947,0.68543,2.148132,1
1.157895,1.370861,1.477093,3
1,0.990066,1.144998,3
0.526316,0.533113,0.354777,7
0.578947,0.837748,0.218077,6
0.685233,0.611006,0.250359,5
1.251295,0.960152,1.380959,2
1.072539,1.047438,1.039199,3
0.744819,0.436433,0.686753,4
0.387306,0.26186,0.205896,7
1.072539,1.047438,1.088692,3
1.132124,1.309298,1.378848,3
0.893782,0.698292,0.55855,4
1.251295,1.571157,0.998359,3
1.340674,1.134725,1.541401,3
1.430052,1.134725,1.722459,2
0.536269,0.698292,0.292554,6
1.012953,1.309298,0.932055,3
1.84715,2.182163,2.11155,1
0.685233,0.785579,0.482499,5
0.566062,0.785579,0.296594,6
1.281088,1.396584,1.545676,3
0.685233,0.698292,0.484636,5
0.625648,0.611006,0.366259,5
0.417098,0.174573,0.122625,7
0.536269,0.26186,0.3225,7
0.774611,0.611006,0.562929,4
0.417098,0.349146,0.095337,6
0.804404,0.523719,0.703928,4
1.102332,1.483871,0.851964,3
0.715026,0.523719,0.551774,5
0.953368,1.047438,0.951576,3
0.983161,1.047438,0.947797,3
0.86399,0.523719,0.893508,4
0.417098,0.174573,0.177487,6
1.102332,1.396584,1.240038,3
1.012953,1.309298,0.701765,3
0.983161,0.960152,0.843233,3
0.834197,0.523719,0.884048,4
1.936528,2.444023,2.091116,1
1.072539,1.309298,1.158253,3
1.19171,1.396584,1.399594,3
0.65544,0.960152,0.631448,5
1.549223,1.222011,1.715031,1
1.906736,2.444023,2.061014,1
1.51943,2.00759,1.725352,1
1.817358,2.182163,2.032241,1
0.536269,0.611006,0.15523,7
0.506477,0.26186,0.273945,7
1.400259,0.611006,2.660874,2
1.489637,0.960152,2.882094,2
0.478904,0.218009,0.142221,7
0.705753,0.726698,0.533654,5
0.705753,0.799368,0.544797,5
0.453699,0.436019,0.196135,7
1.411507,1.162717,1.71388,2
1.184658,1.380727,1.185211,3
0.453699,0.581359,0.179861,6
0.352877,0.218009,0.244478,7
0.554521,0.872038,0.301974,6
1.083836,1.162717,0.947499,3
1.436712,1.235387,1.692034,2
0.756164,0.581359,0.748368,4
1.159452,1.308057,0.954495,3
0.957808,0.726698,1.564538,1
0.705753,0.726698,0.572655,5
0.831781,0.363349,0.966643,4
0.705753,0.944708,0.454563,5
1.285479,1.380727,1.547467,3
0.856986,0.726698,0.866648,4
0.378082,0.14534,0.27642,7
0.478904,0.363349,0.189873,6
0.630137,0.581359,0.383557,5
0.529315,0.290679,0.289092,7
0.554521,0.726698,0.303775,6
1.386301,1.235387,1.48951,2
1.134247,1.526066,1.334219,3
1.05863,1.598736,1.038256,3
0.957808,0.436019,0.720008,4
1.05863,1.308057,1.047808,3
1.613151,1.526066,1.81974,1
1.361096,0.872038,1.675633,3
1.56274,1.380727,1.882933,1
1.008219,1.162717,1.073131,3
0.806575,0.581359,0.57896,4
1.134247,1.235387,1.321505,3
1.033425,1.453397,1.032831,3
2.016438,2.616114,2.165616,1
1.386301,1.162717,1.619017,2
1.940822,2.252765,2.124038,1
1.688767,2.107425,2.1542,1
1.083836,1.235387,1.076692,3
1.184658,1.308057,1.381032,3
1.05863,1.017378,1.274209,3
1.083836,1.308057,1.111629,3
0.856986,0.290679,0.61396,4
0.932603,0.726698,0.665235,5
0.47946,0.248201,0.152151,6
0.507664,0.248201,0.156033,7
0.676885,0.661871,0.347213,5
0.564071,0.910072,0.35785,6
0.761496,0.413669,0.645897,4
1.212753,1.654676,1.004026,3
1.184549,1.406475,1.39756,3
0.676885,0.661871,0.482552,5
0.987124,1.241007,0.914708,3
0.592275,0.827338,0.409811,6
0.676885,0.827338,0.447832,5
0.507664,0.248201,0.165168,6
1.099939,1.323741,1.27333,3
1.071735,1.489209,0.935788,3
0.87431,0.496403,0.808127,4
0.987124,0.992806,1.201575,3
0.987124,1.158273,0.899696,3
1.212753,1.406475,1.146827,3
0.705089,0.579137,0.546886,5
0.705089,0.579137,0.611006,5
0.87431,0.496403,0.912649,4
1.353771,1.158273,1.673984,2
1.128142,1.07554,1.185492,3
1.297364,1.323741,1.427389,3
0.564071,0.496403,0.315818,7
1.043532,1.323741,0.817177,3
1.74862,2.151079,2.153276,1
1.410178,0.992806,1.393871,3
0.761496,0.330935,0.64684,4
1.776824,2.068345,2.06844,1
0.620478,0.330935,0.476547,5
0.930717,0.910072,1.004862,3
1.353771,1.158273,1.504441,2
1.494788,1.985612,1.622237,1
1.325567,0.827338,1.772608,2
0.7897,0.330935,0.697579,4
0.987124,1.07554,1.200911,3
1.974249,2.564748,2.1952,1
1.043532,0.579137,1.160015,3
0.930717,0.413669,0.885714,4
1.607603,2.482014,2.014313,1
1.861435,2.482014,2.009231,1
0.423053,0.248201,0.220474,7
1.325567,1.07554,1.996299,2
0.47946,0.496403,0.392226,7
0.423053,0.248201,0.348371,7
1.913621,2.454545,2.128361,1
1.106312,0.409091,1.278022,3
0.807309,0.654545,0.780196,4
0.717608,0.654545,0.521056,5
1.734219,2.127273,2.175623,1
0.568106,0.327273,0.314929,7
0.747508,0.736364,0.542912,5
1.076412,1.309091,0.958141,3
0.388704,0.245455,0.228833,7
1.285714,1.227273,1.407654,2
1.614618,2.045455,1.685499,1
0.538206,0.409091,0.21823,6
0.777409,0.245455,0.784572,4
0.448505,0.327273,0.209628,7
1.584718,1.881818,2.061769,1
1.106312,1.063636,1.321508,3
1.285714,1.554545,1.25119,3
1.016611,0.572727,1.03211,3
0.448505,0.245455,0.261666,7
1.375415,1.636364,1.321082,3
1.435216,1.063636,1.755192,2
0.986711,0.981818,1.180322,3
0.687708,0.736364,0.373219,5
1.465116,1.881818,1.581998,1
0.687708,0.654545,0.300101,5
1.405316,0.981818,1.74894,2
0.747508,0.736364,0.958591,4
0.568106,0.736364,0.222906,6
0.358804,0.409091,0.074194,7
1.106312,1.145455,1.31083,3
1.076412,1.309091,0.933685,3
0.538206,0.654545,0.256139,6
0.747508,0.572727,0.431809,5
1.016611,0.981818,1.11308,3
0.986711,1.145455,1.144338,3
1.106312,1.063636,1.160767,3
1.345515,1.145455,1.555742,3
0.717608,0.736364,0.500551,5
2.063123,3.190909,2.506981,1
1.166113,1.472727,1.352565,3
0.837209,0.490909,0.925333,4
0.747508,0.409091,0.618331,4
0.807309,0.409091,0.659866,4
0.538206,0.572727,0.247837,6
1.315615,1.390909,1.603704,3
0.454036,0.510535,0.106391,6
0.983744,0.729335,0.781596,3
0.529709,0.437601,0.309122,7
0.65583,0.656402,0.335672,5
0.302691,0.145867,0.100611,6
0.65583,0.729335,0.44319,5
0.327915,0.218801,0.221343,7
0.428812,0.291734,0.178509,7
1.160314,1.312804,1.302061,3
0.630605,0.875203,0.344426,5
1.336883,0.948136,1.189147,3
0.807175,0.583468,0.812631,4
0.529709,0.802269,0.232519,6
1.13509,1.094003,1.11818,3
1.034193,1.166937,0.914321,3
1.336883,1.094003,1.549618,2
1.210762,1.458671,1.251312,3
0.403587,0.364668,0.134235,7
0.65583,0.437601,0.395439,5
0.807175,0.656402,1.187564,4
1.185538,1.677472,1.018049,3
0.983744,0.948136,0.835223,3
0.65583,0.583468,0.440432,5
1.992713,2.771475,2.281736,1
1.286435,1.312804,1.619266,3
1.412556,1.896272,1.555158,1
1.261211,1.166937,1.845981,2
1.639574,2.333874,2.004584,1
1.059417,1.094003,1.239944,3
0.781951,0.437601,0.622034,4
1.008969,1.312804,0.888562,3
0.731502,0.656402,0.441031,5
0.731502,0.437601,0.739169,4
0.933296,0.510535,0.601529,4
1.866592,2.115073,1.882724,1
0.327915,0.291734,0.251322,7
1.412556,1.166937,1.418165,2
1.538677,2.115073,1.664426,1
1.084641,0.510535,1.172142,3
1.008969,1.312804,1.016058,3
1.059417,1.385737,0.953102,3
0.832399,0.291734,0.702835,4
1.942265,2.333874,2.296366,1
1.61435,0.510535,2.731138,2
1.261211,1.312804,1.87114,3
0.56087,0.95203,0.240741,6
1.041615,1.50738,0.747327,3
0.961491,0.872694,0.843508,3
0.56087,0.793358,0.268727,6
0.427329,0.396679,0.120549,7
0.721118,0.238007,0.487386,5
0.454037,0.238007,0.222057,6
1.228571,0.634686,1.832789,2
0.507453,0.476015,0.349027,7
0.587578,0.555351,0.15418,6
0.82795,0.476015,0.675335,4
1.014907,1.428044,1.011005,3
1.068323,1.110701,0.990215,3
1.335404,1.110701,1.646588,2
1.095031,1.428044,1.292652,3
1.549068,1.269373,1.584594,1
1.308696,0.872694,1.59332,3
0.774534,0.555351,0.620616,4
1.869565,2.618081,1.84553,1
1.362112,1.428044,1.581235,3
0.667702,0.396679,0.515212,5
0.721118,0.476015,0.565678,5
1.922981,2.618081,2.008674,1
0.427329,0.634686,0.148615,7
0.82795,0.634686,0.842097,4
0.988199,1.348708,0.922159,3
1.575776,0.793358,2.061545,1
0.801242,1.190037,0.564923,5
0.82795,0.476015,0.995462,4
0.934783,0.555351,0.785132,4
1.308696,1.348708,1.70085,2
1.816149,2.221402,1.952663,1
1.041615,1.110701,1.134238,3
0.640994,0.476015,0.656493,5
1.121739,0.476015,1.481456,3
1.175155,1.50738,1.383407,3
0.988199,1.110701,1.104086,3
1.549068,1.904059,1.632019,1
1.308696,1.269373,1.559769,2
0.427329,0.238007,0.30357,7
0.454037,0.396679,0.229213,7
1.068323,1.190037,1.183034,3
1.148447,1.666052,1.162323,3
0.538707,0.208817,0.250881,6
1.077414,1.357309,0.836112,3
0.75419,1.148492,0.761808,4
1.79569,2.088167,1.898366,1
1.364725,1.461717,1.360635,3
0.538707,0.313225,0.571937,5
0.395052,0.104408,0.197874,7
0.395052,0.104408,0.221409,7
0.790104,0.62645,0.663796,4
0.826018,0.730858,0.598096,4
1.50838,1.148492,1.801602,2
0.359138,0.208817,0.133981,6
1.436552,1.044084,1.666847,2
0.682362,0.522042,0.55791,5
1.0415,0.939675,1.14852,3
1.077414,1.044084,1.118359,3
1.472466,1.148492,1.703935,2
1.113328,1.357309,1.217188,3
0.646449,0.730858,0.534763,5
1.436552,1.566125,1.631738,3
1.903432,2.714617,1.981836,1
0.682362,0.835267,0.516993,5
0.538707,0.208817,0.466352,7
1.580208,2.296984,1.614485,1
1.149242,1.357309,0.859002,3
1.975259,2.296984,2.003606,1
0.430966,0.313225,0.203639,6
0.826018,0.522042,1.09676,4
0.395052,0.104408,0.155193,7
1.436552,1.148492,1.932873,2
1.149242,1.461717,1.596586,3
1.077414,1.148492,1.427453,3
1.077414,1.044084,1.319374,3
0.502793,0.313225,0.242921,7
0.826018,0.522042,1.063545,4
1.256983,1.461717,1.353708,3
1.077414,1.2529,0.876384,3
1.975259,2.5058,2.017418,1
1.436552,1.566125,1.795622,1
0.538707,0.313225,0.228637,6
0.933759,0.835267,1.05395,3
0.969673,0.835267,979,3
0.574621,0.62645,0.226873,5
0.682362,0.939675,0.437568,5
0.75419,0.522042,0.674466,4
1.118644,1.157233,0.883567,3
2,2.603774,1.407318,1
0.474576,0.385744,0.282443,7
1.016949,1.350105,0.909587,3
1.084746,1.060797,0.888719,3
0.440678,0.192872,0.177718,7
0.40678,0.385744,0.150496,6
0.677966,0.675052,0.416364,5
0.474576,0.289308,0.10919,6
1.389831,1.157233,1.537289,2
0.813559,0.578616,0.597603,4
1.050847,1.253669,0.967595,3
0.915254,1.060797,0.974422,3
1.389831,1.446541,1.348064,3
0.779661,0.289308,0.742646,4
0.711864,0.771488,0.43135,5
0.745763,0.289308,0.593095,4
0.576271,0.867925,0.248865,6
0.440678,0.385744,0.132033,7
0.779661,0.289308,0.742002,4
1.389831,0.964361,1.788259,2
0.644068,0.578616,0.273898,5
1.084746,0.964361,0.656299,3
0.813559,0.385744,0.723453,4
1.118644,1.253669,0.920836,3
0.576271,0.964361,0.172222,6
0.949153,0.867925,0.609497,3
0.677966,0.48218,0.452604,5
1.491525,1.928721,1.451586,1
0.644068,0.867925,0.507778,5
0.915254,0.385744,0.602155,4
1.084746,1.253669,1.244971,3
1.762712,1.928721,2.29857,1
0.949153,0.964361,0.8706,3
0.677966,0.578616,0.440238,5
1.59322,2.218029,1.652018,1
1.355932,1.253669,1.827289,2
1.355932,1.060797,1.434282,2
1.932203,2.410901,2.84409,1
1.152542,0.964361,2.204795,3
1.830508,2.314465,3.591159,1
1.152542,1.157233,2.543614,3
1.423729,1.253669,1.458113,3
0.40678,0.289308,0.251613,7
0.508475,0.675052,0.268745,7
1.220339,1.542977,1.37095,3
1.368162,1.75,1.050219,3
1.342348,1.034091,1.018669,2
1.006761,1.272727,0.37353,3
0.438844,0.238636,0.154524,7
1.497234,2.227273,1.184247,1
0.748617,0.318182,0.413501,4
1.006761,1.034091,0.742223,3
0.722803,0.715909,0.3228,5
1.729564,2.147727,2.17719,1
0.955132,0.715909,0.552859,3
1.032575,1.193182,0.840261,3
0.619545,0.636364,0.283256,5
0.929318,0.556818,0.864507,4
1.47142,1.193182,1.670619,2
0.851875,0.397727,0.832497,4
1.368162,0.795455,1.190202,3
0.387216,0.238636,0.194759,6
0.671174,0.795455,0.397611,5
1.135833,1.590909,1.088875,3
1.187462,1.352273,1.144901,3
1.47142,1.511364,2.380535,1
1.858636,2.784091,2.746663,1
0.82606,0.318182,1.232444,4
1.445605,1.113636,1.273435,2
0.41303,0.318182,0.183409,6
1.161647,1.034091,1.167765,3
0.387216,0.159091,0.067113,7
0.387216,0.318182,0.218216,7
0.671174,0.556818,0.634908,5
0.696988,0.715909,0.566808,5
0.774431,0.318182,0.474166,4
0.748617,0.397727,1.382132,3
0.516288,875,0.432451,6
1.419791,1.272727,1.81126,2
1.987707,2.943182,1.708715,1
1.574677,1.352273,1.912785,1
0.800246,0.238636,0.703567,4
1.187462,1.511364,1.488591,3
1.006761,1.511364,1.507837,3
0.387216,0.318182,0.414982,7
0.542102,0.636364,0.73617,6
1.264905,1.590909,2.458801,3
0.972591,1.357326,0.760258,3
0.583554,0.904884,0.317294,6
1.478338,1.922879,1.810642,1
1.322723,1.470437,1.14201,3
0.778073,0.452442,0.845476,4
0.778073,0.339332,0.729759,4
1.244916,1.583548,1.420005,3
0.505747,0.791774,0.300122,6
1.128205,1.131105,1.486727,3
0.389036,0.339332,0.091198,7
0.661362,0.565553,0.485381,5
0.972591,1.017995,1.038381,3
1.361627,1.131105,1.470495,2
0.42794,0.113111,0.172829,6
0.350133,0.226221,0.165097,6
1.400531,1.017995,1.980822,2
0.816976,0.339332,0.981783,4
0.700265,0.791774,0.482733,5
1.82847,1.922879,2.681235,1
0.544651,0.452442,0.144252,7
1.011494,0.904884,0.819975,3
1.439434,1.244216,1.732942,2
0.894783,0.452442,0.624592,4
0.933687,1.357326,0.953676,3
0.661362,0.565553,0.563936,5
1.867374,2.714653,2.105339,1
1.167109,1.357326,1.059056,3
1.361627,1.017995,2.115121,2
1.089302,1.357326,1.248074,3
1.206012,1.357326,1.512741,3
0.583554,0.339332,0.281028,5
1.439434,1.244216,1.496979,1
0.466844,0.226221,134,7
0.389036,0.226221,0.217082,7
0.661362,0.678663,0.342966,5
1.906278,2.375321,1.944599,1
0.583554,0.565553,0.313877,7
1.672856,2.1491,2.44476,1
1.206012,1.470437,1.050256,3
1.361627,1.583548,1.150724,3
1.089302,1.244216,0.837488,3
0.972591,0.678663,0.806647,3
0.933687,0.565553,1.044447,4
0.85588,0.452442,0.693194,5
0.749823,0.589744,0.546447,4
0.749823,0.688034,0.416819,4
1.043232,1.277778,1.017884,3
0.97803,1.081197,0.610637,3
0.619419,0.786325,0.463779,5
0.358611,0.098291,0.166157,6
1.010631,0.884615,0.846843,3
1.043232,1.277778,1.071876,3
0.489015,0.393162,0.274806,7
0.489015,0.393162,0.190458,7
0.521616,0.786325,0.227455,6
1.108434,1.376068,0.725067,3
0.489015,0.491453,0.20628,6
0.815025,0.393162,0.913923,4
0.749823,0.786325,0.53879,5
0.423813,0.196581,0.09939,7
0.358611,0.098291,0.21761,7
1.010631,0.982906,0.841842,3
2.119064,2.850427,1.665206,1
1.890858,2.457265,1.766939,1
0.717222,0.884615,0.477766,5
0.782424,0.491453,0.612238,4
1.434444,1.081197,1.150911,2
0.97803,1.57265,0.895796,3
1.010631,1.179487,1.254403,3
1.434444,1.179487,1.964429,2
0.782424,0.688034,0.848914,4
1.727853,2.457265,2.071086,1
1.010631,0.982906,1.112742,3
1.075833,1.081197,1.502916,3
0.619419,0.589744,0.604112,5
0.619419,0.589744,0.332666,5
1.401843,1.081197,1.452206,2
1.401843,1.081197,1.535069,2
0.521616,0.786325,0.286566,6
0.619419,0.589744,0.521288,5
1.95606,2.653846,1.667901,1
1.206237,1.376068,1.314685,3
1.206237,1.57265,0.885325,3
0.32601,0.196581,0.238277,7
1.108434,1.376068,0.992333,3
0.847626,0.491453,1.067774,4
1.63005,0.688034,2.659649,1
1.467045,1.376068,2.368551,3
1.434444,0.982906,2.802052,1
1.662651,1.081197,2.572136,3
0.463891,0.664234,0.256497,6
0.596432,0.569343,0.301352,6
1.259133,1.518248,1.066901,3
1.557349,2.087591,1.677113,1
0.265081,0.189781,0.14514,7
1.988105,2.656934,1.71102,1
0.265081,0.189781,0.103099,7
1.060323,1.423358,0.684783,3
1.424809,1.708029,1.517709,3
1.457944,0.854015,1.506073,3
0.762107,0.284672,0.779875,4
1.159728,1.043796,1.321396,3
1.126593,1.233577,1.183013,3
0.364486,0.189781,0.133065,7
0.430756,0.189781,0.277016,7
0.728972,0.474453,0.858138,4
1.557349,2.182482,2.132488,1
0.762107,0.474453,0.4814,4
2.087511,2.941606,1.710332,1
0.364486,0.189781,0.126309,7
0.795242,0.569343,0.649875,4
0.530161,0.948905,0.319182,6
0.629567,0.474453,0.402825,5
1.093458,1.233577,1.009471,3
0.430756,0.284672,0.146015,6
0.795242,0.569343,0.876718,4
1.060323,0.948905,0.981381,3
0.762107,0.759124,715,5
0.596432,0.474453,0.622036,5
1.82243,1.992701,1.692064,1
1.424809,1.233577,1.485866,2
1.491079,1.138686,1.8073,2
1.457944,1.043796,2.273186,2
0.662702,0.854015,0.505111,5
0.662702,0.474453,0.482714,5
1.093458,1.043796,1.525592,3
1.921835,2.182482,2.449668,1
1.093458,1.138686,1.488807,3
0.994053,0.569343,1.594471,4
0.637795,0.302691,0.34074,5
0.637795,0.605381,0.137513,5
0.602362,0.504484,0.077762,5
0.496063,0.706278,0.159118,6
1.027559,1.008969,0.861469,3
0.956693,0.706278,0.760549,3
0.744094,0.605381,0.534451,4
0.673228,0.302691,0.435043,5
0.425197,0.302691,0.290178,7
0.496063,0.201794,0.3456,7
1.73622,2.118834,2.001149,1
1.098425,1.008969,0.728285,3
1.346457,1.513453,1.50076,3
1.346457,1.109865,1.91334,2
0.531496,0.706278,0.336819,6
1.240157,1.412556,0.939271,3
1.452756,1.91704,1.789713,1
1.062992,1.210762,0.922731,3
1.523622,2.118834,1.9376,1
1.84252,2.219731,1.941357,1
0.744094,0.706278,0.986974,4
1.133858,1.311659,1.260898,3
1.38189,1.210762,1.297737,2
0.956693,1.008969,1.199595,3
1.133858,1.210762,1.301984,3
0.779528,0.504484,1.037046,4
1.38189,1.210762,1.773254,2
0.708661,0.807175,0.744335,5
1.913386,2.623318,1.964147,1
1.948819,2.724215,2.775258,1
1.098425,1.109865,1.378603,3
0.814961,0.504484,0.969249,4
0.389764,0.100897,0.205841,6
0.46063,0.201794,0.301818,7
0.992126,1.210762,0.917544,3
0.602362,0.706278,0.585258,5
0.992126,0.807175,1.131349,3
1.240157,1.412556,1.201678,3
0.744094,0.302691,0.559364,4
0.389764,0.201794,0.18444,6
0.992126,0.908072,0.945806,3
1.452756,1.109865,1.484096,2
1.488189,1.715247,1.46388,3
0.885827,0.605381,1.021404,4
0.496063,0.201794,0.354994,7
0.354342,0.089669,0.037962,7
1.352941,0.986355,1.190755,2
1.191877,1.255361,0.745237,3
0.612045,0.358674,0.097879,6
1.546218,2.062378,1.243704,1
0.45098,0.269006,0.120492,7
1.44958,1.255361,1.730931,2
0.547619,0.269006,0.396217,7
0.869748,0.448343,0.669411,4
1.063025,1.165692,1.103853,3
0.740896,0.538012,0.790068,4
1.22409,1.255361,1.331756,3
0.418768,0.448343,0.166474,7
0.644258,0.538012,0.461492,5
1.063025,0.986355,0.882195,3
0.676471,0.717349,0.390137,5
1.095238,0.986355,1.102374,3
1.90056,2.241715,2.655033,1
1.288515,1.434698,1.18898,3
1.22409,1.524366,1.721761,3
1.320728,1.434698,1.662863,3
1.095238,1.255361,1.701153,3
1.771709,2.331384,2.434788,1
0.354342,0.179337,0.103664,6
0.708683,0.62768,0.770742,5
1.707283,2.421053,2.42289,1
0.547619,0.717349,0.486044,5
0.998599,0.896686,1.183524,3
0.676471,0.538012,0.572485,5
0.515406,0.358674,0.282364,7
1.546218,2.152047,1.582699,1
0.998599,1.165692,0.833814,3
0.708683,0.717349,0.379422,5
1.352941,1.255361,1.221091,2
0.740896,0.269006,0.363908,4
0.483193,0.717349,0.133869,6
0.483193,0.62768,0.207558,6
0.869748,0.448343,0.770413,4
1.030812,0.986355,1.014388,3
1.514006,1.165692,1.609815,2
0.998599,0.807018,0.996771,4
0.837535,0.448343,0.814916,4
1.063025,1.255361,1.413859,3
1.642857,1.793372,2.615493,1
1.063025,1.165692,1.020206,3
1.256303,1.434698,1.37455,3