1.080688,0.921429,0.962351,3
1.023810,0.921429,1.044001,3
1.194444,1.305357,1.249977,3
1.763228,1.996429,2.148653,1
0.710979,0.767857,0.486333,5
0.398148,0.307143,0.200970,7
0.540344,0.537500,0.280270,6
1.080688,0.844643,0.950404,3
1.023810,1.228571,1.081214,3
0.767857,0.460714,0.832215,4
0.824735,0.307143,0.924464,4
0.682540,0.537500,0.479391,5
1.166005,1.382143,1.274089,3
1.052249,0.844643,1.085545,3
0.625661,0.691071,0.590964,5
1.933862,2.610714,1.773305,1
0.654101,0.614286,0.461459,5
0.995370,1.305357,0.860549,3
0.511905,0.383929,0.369886,7
1.251323,1.458929,1.190393,3
1.478836,1.996429,1.747496,1
1.336640,1.305357,1.407250,3
0.710979,0.460714,0.513427,5
0.483466,0.537500,0.263100,7
0.455026,0.307143,0.313283,7
1.080688,0.998214,1.200795,3
0.568783,0.691071,0.400918,6
1.763228,1.766071,2.044305,1
0.995370,1.228571,0.886228,3
1.962302,2.610714,1.852126,1
1.222884,1.228571,1.424376,3
0.767857,0.383929,0.631332,4
1.421958,1.842857,1.677575,1
0.511905,0.307143,0.377480,7
0.597222,0.767857,0.354696,6
0.597222,0.614286,0.456585,6
1.421958,1.228571,1.938020,2
0.881614,0.767857,1.009030,4
0.881614,0.460714,0.914323,4
1.080688,1.228571,1.174942,3
0.995370,0.767857,0.728194,4
1.365079,0.921429,1.601953,2
1.137566,1.151786,1.836131,3
1.408451,0.977778,1.586618,2
1.014085,1.278632,0.994281,3
0.591549,0.676923,0.352457,6
0.676056,0.526496,0.588548,5
1.042254,1.203419,0.858272,3
1.436620,1.955556,1.623325,1
0.816901,0.451282,0.729883,4
0.760563,0.902564,0.602497,5
1.014085,0.977778,0.892438,3
0.507042,0.451282,0.219602,7
0.591549,0.827350,0.380048,6
1.183099,1.278632,1.183691,3
1.802817,2.482051,1.948436,1
0.591549,0.676923,0.291785,6
0.591549,0.376068,0.385373,7
0.816901,0.300855,0.777834,4
1.464789,1.128205,1.610379,2
1.014085,1.203419,1.085617,3
0.732394,0.977778,0.569826,5
0.788732,0.601709,0.656675,4
1.070423,1.128205,0.987788,3
1.239437,1.278632,1.245387,3
1.183099,1.278632,1.188136,3
1.718310,1.880342,2.162876,1
0.704225,0.526496,0.512800,5
0.845070,0.676923,0.749178,4
0.450704,0.451282,0.217820,7
1.380282,1.429060,1.382768,3
1.267606,1.128205,1.502821,2
1.042254,0.676923,1.311794,3
0.535211,0.676923,0.270441,6
1.690141,1.955556,2.292966,1
0.873239,0.601709,0.926707,4
1.098592,0.977778,1.264498,3
0.901408,0.752137,0.916875,4
0.704225,0.601709,0.617470,5
1.380282,1.880342,1.762202,1
0.478873,0.300855,0.285886,7
0.535211,0.376068,0.295226,7
1.323944,1.052991,1.625230,2
1.211268,1.203419,1.385943,3
1.070423,1.052991,1.032606,3
0.704225,0.526496,0.664029,5
1.746479,2.331624,2.060971,1
0.469388,0.361068,0.254232,7
0.469388,0.361068,0.187870,6
1.017007,0.794349,0.774339,3
0.938776,1.083203,0.964900,3
0.756236,0.505495,0.620495,4
0.678005,0.794349,0.409552,5
1.043084,1.155416,0.925754,3
1.199546,1.372057,1.187487,3
1.017007,1.299843,0.978520,3
0.417234,0.216641,0.273590,7
0.860544,0.577708,0.782863,4
0.495465,0.288854,0.296687,6
0.599773,0.433281,0.603232,5
1.043084,1.010989,1.150127,3
1.147392,1.010989,1.065788,3
1.955782,2.310832,1.937705,1
0.443311,0.216641,0.269447,7
0.964853,1.083203,1.087003,3
0.625850,0.649922,0.603280,5
1.303855,0.866562,1.602420,2
1.017007,0.866562,1.132673,3
0.625850,0.505495,0.520655,5
0.651927,0.577708,0.530537,5
0.469388,0.649922,0.379026,6
1.486395,1.227630,1.539963,2
0.443311,0.288854,0.232254,7
1.017007,0.866562,1.141698,3
0.834467,0.505495,0.880918,4
1.408163,1.444270,1.330877,3
1.382086,1.010989,1.648209,2
1.173469,1.155416,1.193725,3
0.704082,0.505495,0.898586,4
1.329932,1.588697,1.202845,3
1.486395,1.949765,1.664353,1
1.590703,2.166405,1.752621,1
0.521542,0.649922,0.261851,6
0.391156,0.216641,0.179274,7
1.251701,1.372057,1.346045,3
0.625850,0.866562,0.625710,5
1.356009,1.444270,1.340949,3
0.834467,0.649922,0.780101,4
0.782313,0.649922,0.845225,4
1.277778,0.866562,1.821506,2
1.825397,2.021978,2.127051,1
2.007937,2.744113,2.249845,1
2.060091,2.816327,2.398213,1
1.069767,1.316498,0.936527,3
0.466309,0.464646,0.197694,7
0.685748,0.464646,0.577593,5
0.548599,0.696970,0.382256,6
1.398927,1.161616,1.216524,2
1.069767,1.161616,1.051864,3
1.152057,1.239057,1.225616,3
0.576029,0.542088,0.401485,7
1.097197,1.161616,1.013619,3
0.740608,0.774411,0.503372,5
1.645796,0.696970,1.991616,1
0.795468,0.542088,0.654296,4
0.493739,0.232323,0.271987,7
0.987478,0.929293,1.061630,3
0.438879,0.464646,0.235762,7
0.822898,0.309764,0.871077,4
0.795468,0.542088,0.733214,4
0.548599,0.696970,0.346457,6
1.426357,1.936027,1.675642,1
0.960048,0.774411,1.061630,3
1.398927,1.471380,1.260174,3
1.014908,0.851852,1.031891,3
0.548599,0.696970,0.254264,6
0.521169,0.232323,0.290666,6
1.069767,1.239057,0.987231,3
1.316637,1.393939,1.367218,3
0.658318,0.851852,0.478082,5
1.152057,1.471380,1.110597,3
1.728086,1.936027,1.975773,1
1.179487,1.316498,1.308433,3
1.179487,1.084175,1.133955,3
1.344067,1.239057,1.710449,2
0.548599,0.464646,0.342062,7
0.850328,0.851852,0.817095,4
1.124627,1.006734,1.132750,3
1.700656,2.478114,1.968241,1
0.685748,0.696970,0.518099,5
1.755516,1.936027,2.199661,1
0.822898,0.619529,0.829997,4
0.960048,0.774411,0.857750,4
0.685748,0.464646,0.658798,5
0.822898,1.006734,0.780533,5
1.042338,1.393939,1.306164,3
1.371497,1.161616,1.588040,2
1.316637,1.084175,1.721296,2
1.481216,2.168350,1.960921,1
1.376068,1.247740,1.333608,2
1.067155,1.081374,1.116495,3
1.095238,1.081374,1.023378,3
1.039072,1.330922,0.979254,3
0.814408,0.582278,0.585923,4
1.039072,1.414105,0.917697,3
0.617827,0.415913,0.600504,5
1.039072,1.164557,0.995475,3
1.460317,1.164557,1.536896,2
1.376068,1.580470,1.352049,3
0.477411,0.499096,0.250490,7
1.010989,1.081374,1.104158,3
0.758242,0.582278,0.733507,4
0.842491,0.665461,0.635975,4
0.842491,0.665461,0.986620,4
1.825397,2.162749,1.913702,1
0.870574,0.582278,0.873498,4
1.151404,1.497288,1.159105,3
0.645910,0.499096,0.493335,5
0.645910,0.582278,0.482588,5
0.421245,0.332731,0.213001,7
1.713065,2.245931,1.979194,1
0.533578,0.332731,0.291410,6
0.645910,0.582278,0.628558,5
0.561661,0.831826,0.346054,6
0.786325,0.665461,0.781667,4
1.909646,2.329114,1.788621,1
0.477411,0.499096,0.402994,6
1.235653,1.497288,1.271975,3
1.488400,1.996383,1.688643,1
0.561661,0.748644,0.429155,6
0.561661,0.332731,0.395022,7
1.095238,1.247740,0.909750,3
1.010989,0.915009,0.999234,3
1.235653,1.414105,1.196089,3
0.982906,0.915009,1.119774,3
0.449328,0.249548,0.236665,7
1.544567,1.330922,1.540932,1
0.982906,0.915009,1.027919,3
0.673993,0.831826,0.616575,5
1.263736,1.164557,1.542219,2
0.786325,0.915009,0.628533,5
1.881563,0.748644,2.689870,1
1.347985,1.164557,2.314451,2
0.477411,0.249548,0.323374,7
1.376068,1.663653,1.564066,3
0.788845,0.576779,0.688842,4
1.022576,1.235955,0.772847,3
1.081009,1.071161,1.008141,3
0.993360,1.071161,0.932993,3
0.730412,0.823970,0.491546,5
0.467463,0.247191,0.179798,7
0.964143,1.235955,0.865009,3
1.373174,1.153558,1.437439,2
0.525896,0.659176,0.214891,6
1.343958,1.153558,1.467885,2
0.671979,0.823970,0.554181,5
0.876494,0.411985,0.929096,4
0.701195,0.411985,0.586346,5
0.759628,0.659176,0.541257,5
1.022576,0.823970,1.175450,3
1.110226,0.988764,0.944199,3
1.051793,0.988764,0.968062,3
0.525896,0.247191,0.264312,7
1.752988,1.977528,1.956914,1
1.431607,1.895131,1.766346,1
0.847278,0.494382,0.745765,4
1.051793,1.400749,0.850464,3
1.168659,1.318352,1.463117,3
1.227092,1.400749,1.459487,3
0.671979,0.659176,0.512360,5
1.373174,1.153558,1.651071,2
0.409031,0.164794,0.218207,7
1.285525,1.483146,1.410840,3
0.584329,0.494382,0.326172,7
1.110226,1.071161,0.903539,3
1.723772,2.471910,1.903572,1
1.373174,1.071161,1.581659,2
0.584329,0.329588,0.395270,6
1.665339,2.389513,2.125046,1
0.876494,0.659176,0.838072,4
1.519256,1.812734,1.843502,1
0.555113,0.823970,0.359475,6
0.642762,0.576779,0.636783,5
0.818061,0.494382,0.845405,4
0.438247,0.247191,0.318016,7
1.168659,1.235955,1.493273,3
1.665339,2.389513,2.050140,1
1.081009,1.071161,1.314516,3
0.964143,0.329588,1.008697,4
0.840731,0.543307,0.653440,4
0.870757,0.543307,0.860972,4
1.381201,1.720472,1.209572,3
0.540470,0.633858,0.339265,6
0.660574,0.543307,0.540670,5
1.110966,1.086614,1.128708,3
0.510444,0.724409,0.301074,6
0.570496,0.814961,0.502134,5
1.861619,2.173228,2.050388,1
0.660574,0.633858,0.560694,5
2.041775,3.078740,1.626519,1
0.450392,0.181102,0.277204,7
1.381201,1.177165,1.506853,2
1.381201,1.267717,1.616812,2
0.960836,0.905512,1.018882,3
0.570496,0.271654,0.451690,7
0.900783,1.267717,1.188434,3
0.540470,0.814961,0.276806,6
1.501305,0.814961,1.910539,1
1.020888,0.814961,1.084417,3
1.381201,1.539370,1.157192,3
0.450392,0.271654,0.261636,7
0.540470,0.814961,0.365892,6
1.140992,1.539370,0.980797,3
0.810705,0.633858,0.653944,4
1.080940,0.996063,1.063995,3
1.321149,1.086614,1.523217,2
1.531332,1.177165,1.812621,2
1.050914,0.996063,1.019465,3
0.810705,0.633858,0.668345,4
1.050914,1.448819,0.989681,3
0.390339,0.181102,0.187773,7
1.171018,1.267717,1.229331,3
1.080940,1.267717,1.061555,3
1.171018,1.448819,1.458398,3
0.720627,0.905512,0.594562,5
0.540470,0.181102,0.230950,7
1.231070,1.448819,1.444766,3
1.140992,1.177165,1.345840,3
1.291123,0.090551,1.694335,1
0.780679,0.633858,0.929132,4
0.810705,0.633858,1.050416,4
1.861619,2.082677,2.245560,1
1.501305,2.082677,1.735258,1
0.660574,0.543307,0.581805,5
0.720627,0.905512,0.608459,5
0.716667,0.823755,0.496091,5
0.895833,0.576628,0.821345,4
1.075000,0.823755,0.936309,3
1.015278,0.823755,1.031906,3
0.716667,0.576628,0.535147,5
1.015278,0.988506,1.226469,3
0.418056,0.329502,0.258138,7
1.224306,1.318008,1.361048,3
0.806250,0.494253,0.881526,4
0.746528,0.823755,0.596220,5
1.134722,1.235632,1.054716,3
1.134722,1.235632,1.205938,3
1.761806,2.059387,2.316824,1
1.433333,1.235632,1.670179,2
1.045139,1.400383,1.094342,3
0.746528,0.494253,0.713389,4
1.075000,1.482759,0.990894,3
0.865972,0.659004,0.733078,4
0.567361,0.741379,0.300884,6
1.104861,1.070881,1.194768,3
0.686806,0.576628,0.517068,5
0.537500,0.659004,0.300735,6
1.403472,1.153257,1.813204,2
0.507639,0.411877,0.261753,6
0.447917,0.329502,0.194068,7
1.522917,1.977011,1.715501,1
1.075000,0.988506,0.975514,3
1.970833,2.636015,2.069484,1
0.567361,0.741379,0.329885,6
1.851389,2.388889,2.128873,1
1.582639,2.059387,1.554720,1
1.284028,1.318008,1.248635,3
1.045139,0.988506,1.067124,3
0.955556,0.659004,0.877564,4
1.373611,1.153257,1.751833,2
0.388194,0.329502,0.269802,7
0.746528,0.576628,0.842099,4
0.656944,0.411877,0.687013,5
1.045139,1.235632,1.174435,3
1.433333,1.070881,1.772216,2
0.567361,0.247126,0.479151,7
1.373611,1.400383,1.334301,3
0.477778,0.494253,0.215812,7
0.695798,0.813505,0.447019,5
1.417367,1.035370,1.668957,2
0.386555,0.147910,0.165565,7
0.412325,0.443730,0.233430,7
1.185434,1.479100,1.224458,3
0.953501,0.887460,1.116838,3
1.391597,1.109325,1.424364,2
1.005042,0.961415,1.005332,3
1.752381,2.144695,1.973111,1
1.546218,2.070740,1.773045,1
0.515406,0.665595,0.246315,6
0.695798,0.739550,0.462939,5
1.211204,1.331190,1.379498,3
1.005042,1.183280,1.001410,3
1.030812,0.961415,0.998215,3
0.824650,0.517685,0.646375,4
1.391597,1.922830,1.699553,1
0.566947,0.739550,0.404994,6
0.670028,0.517685,0.599859,5
0.695798,0.591640,0.430709,5
1.752381,0.591640,2.088255,1
1.881232,2.218650,2.095372,1
0.515406,0.665595,0.235400,6
1.005042,1.109325,0.897872,3
1.082353,1.479100,1.019086,3
0.695798,0.961415,0.472522,5
1.005042,1.183280,1.041998,3
1.082353,1.109325,1.295163,3
0.438095,0.369775,0.246794,7
0.876190,0.591640,0.914750,4
0.824650,0.369775,0.735289,4
1.468908,1.331190,1.645903,2
0.670028,0.517685,0.557780,5
1.236975,1.331190,1.504404,3
1.030812,0.961415,0.964762,3
1.340056,1.405145,1.430540,3
0.850420,0.665595,0.717222,4
0.463866,0.443730,0.164553,7
1.056583,1.035370,1.037543,3
0.541176,0.369775,0.258348,7
0.798880,0.443730,0.791619,4
0.566947,0.813505,0.432484,6
1.262745,1.405145,1.406545,3
1.365826,1.183280,1.850849,2
0.979272,0.517685,1.115312,4
1.855462,2.662379,2.177648,1
0.790579,0.332731,0.538750,4
0.878421,0.332731,0.780454,4
0.702737,0.831826,0.424170,5
0.439211,0.166365,0.157284,6
1.024825,1.164557,0.891747,3
1.083386,1.081374,1.163261,3
0.380649,0.249548,0.117963,7
1.024825,0.998192,1.001125,3
1.932527,2.745027,2.073774,1
0.673456,0.582278,0.496046,5
0.585614,0.831826,0.275056,6
1.844685,2.661844,2.125192,1
0.673456,0.748644,0.445107,5
1.844685,2.079566,2.271880,1
0.702737,0.582278,0.623042,5
1.229790,1.414105,1.269925,3
1.083386,1.081374,1.204241,3
1.054106,1.164557,0.985198,3
0.673456,0.582278,0.462598,5
0.527053,0.748644,0.284695,6
0.439211,0.332731,0.238352,6
1.493316,1.081374,1.906085,2
0.351369,0.415913,0.148029,7
0.761299,0.499096,0.758400,4
1.493316,1.913201,1.678457,1
1.024825,0.831826,1.067639,3
0.497772,0.332731,0.410733,7
1.405474,0.998192,1.905128,2
1.405474,1.247740,1.493756,2
1.346913,1.580470,1.433497,3
1.024825,1.330922,1.086246,3
1.054106,0.915009,0.963655,3
1.903246,2.162749,2.253241,1
1.083386,1.164557,1.200667,3
1.171229,1.330922,1.386548,3
0.351369,0.166365,0.191946,7
0.673456,0.665461,0.473641,5
0.761299,0.499096,0.793125,4
1.317632,1.497288,1.177368,3
1.493316,1.996383,1.734406,1
0.907702,0.332731,0.834106,4
1.376194,1.081374,1.582867,2
1.083386,0.998192,1.396794,3
1.376194,1.497288,1.441509,3
0.322088,0.166365,0.151763,7
0.732018,0.582278,0.700535,4
0.939737,1.035398,0.936974,3
1.020286,1.115044,0.980632,3
0.375895,0.238938,0.250283,7
0.456444,0.238938,0.185194,7
0.510143,0.716814,0.189453,6
0.671241,0.796460,0.531512,5
1.047136,0.876106,0.926480,3
0.536993,0.796460,0.403664,6
0.698091,0.637168,0.645717,5
1.530430,2.150442,1.921488,1
0.859189,0.318584,1.028572,4
0.832339,0.637168,0.814938,4
1.503580,1.194690,1.492245,2
0.429594,0.238938,0.165406,7
0.536993,0.796460,0.261752,6
1.235084,1.035398,1.700378,2
0.671241,0.557522,0.544579,5
1.557279,2.230088,1.424916,1
1.369332,1.115044,1.548260,2
1.261933,1.513274,1.226411,3
0.644391,0.796460,0.589923,5
1.503580,1.274336,2.026974,2
1.047136,0.796460,0.968808,3
0.671241,0.557522,0.466890,5
1.315632,1.433628,1.411273,3
1.208234,1.433628,1.225324,3
0.402745,0.398230,0.231847,7
1.100835,1.194690,1.079219,3
0.832339,0.477876,0.735363,4
0.966587,1.274336,0.949197,3
1.906325,2.787611,1.709651,1
1.208234,1.433628,1.409276,3
1.020286,1.274336,1.092929,3
0.563842,0.477876,0.446968,7
0.671241,0.557522,0.496417,5
1.100835,1.035398,1.375800,3
0.886038,0.796460,0.673979,4
0.536993,0.796460,0.391153,6
1.127685,1.513274,1.069347,3
1.342482,1.513274,1.405017,3
1.235084,1.194690,1.280008,3
2.013723,2.309735,2.028438,1
0.886038,0.398230,1.042704,4
1.933174,0.557522,2.766863,1
0.832339,0.477876,0.947777,4
0.933114,0.646875,0.558923,3
1.185307,1.150000,0.857683,3
1.790570,2.156250,1.209675,1
0.630482,0.503125,0.410532,5
0.327851,0.359375,0.089506,6
0.630482,0.934375,0.278504,5
1.033991,1.150000,0.730742,3
0.479167,0.287500,0.304099,6
0.327851,0.143750,0.196692,7
1.084430,1.509375,0.848073,3
1.387061,1.078125,1.598789,2
1.790570,2.443750,2.227086,1
1.059211,1.293750,1.091810,3
0.479167,0.287500,0.162617,7
0.554825,0.287500,0.309155,7
0.302632,0.143750,0.071290,6
1.084430,1.006250,1.306749,3
0.453947,0.718750,0.319770,6
0.781798,0.431250,0.690700,4
0.756579,0.503125,0.747041,4
1.437500,1.078125,1.484850,2
0.277412,0.143750,0.156022,7
1.033991,1.221875,0.960598,3
1.134868,1.221875,1.444305,3
0.655702,0.431250,0.413924,5
0.680921,0.575000,0.446146,5
0.403509,0.503125,0.192390,7
0.781798,0.575000,0.594913,4
0.882675,0.646875,1.100510,4
1.361842,0.862500,1.763008,3
0.655702,0.790625,0.545387,5
0.680921,0.718750,0.580310,5
1.639254,2.156250,1.714392,1
1.387061,2.012500,1.758737,3
1.513158,1.078125,1.350089,2
1.008772,1.006250,1.232570,3
0.832237,0.503125,0.615547,4
0.882675,0.646875,0.928125,4
1.059211,1.078125,0.918201,3
1.588816,2.228125,1.580228,1
1.109649,1.078125,1.054061,3
1.286184,1.581250,1.368744,3
1.462719,1.078125,2.058156,2
1.916667,2.300000,2.330598,1
1.311404,1.293750,2.293980,3
1.941886,2.156250,3.104774,1
1.354269,1.066849,1.262634,2
1.399411,1.129604,1.634094,2
1.105986,1.129604,1.184950,3
1.354269,1.066849,1.460784,2
0.428852,0.376535,0.272435,7
1.060844,0.941337,1.004800,3
0.925417,1.129604,1.001258,3
1.828263,2.384720,1.910792,1
1.467125,1.882674,1.660920,1
1.038273,1.129604,0.999285,3
0.586850,0.753070,0.402001,6
0.654563,0.627558,0.483170,5
1.489696,1.945430,1.467566,1
0.880275,0.753070,0.727584,4
0.835132,0.439291,0.912932,4
1.421982,1.066849,1.591832,2
0.699706,0.188267,0.671657,5
1.173700,1.380628,1.385922,3
0.699706,0.376535,0.656955,5
0.947988,1.129604,1.033037,3
0.744848,0.753070,0.654536,5
0.631992,0.878581,0.615687,5
1.083415,1.066849,1.165943,3
1.128557,1.255116,1.404727,3
0.677134,0.439291,0.600855,5
0.880275,0.627558,0.863615,4
1.760550,1.882674,2.068709,1
0.609421,0.878581,0.490557,6
1.286555,1.380628,1.498092,3
0.609421,0.564802,0.337549,6
1.941119,2.698499,1.775280,1
0.451423,0.251023,0.276798,7
0.541708,0.376535,0.270779,7
0.789990,0.627558,0.645738,4
1.060844,1.004093,1.028400,3
1.670265,1.945430,1.885190,1
0.947988,1.129604,1.051123,3
1.038273,1.192360,1.196066,3
0.631992,0.376535,0.533049,7
0.880275,0.502046,0.932184,4
0.564279,0.690314,0.318657,6
1.263984,1.317872,1.481936,3
0.541708,0.564802,0.348752,7
1.105986,1.066849,1.005851,3
0.812561,0.627558,0.803065,4
0.993131,1.004093,1.022252,3
1.478667,1.932149,1.480612,1
1.048510,1.263328,0.663260,3
0.806546,0.297254,0.608803,4
0.645237,0.594507,0.421282,5
0.672122,0.594507,0.259060,5
0.349503,0.148627,0.207490,7
1.075395,1.040388,1.110901,3
0.994740,1.189015,0.907034,3
0.349503,0.148627,0.193294,7
1.263589,1.411955,1.045046,3
1.075395,1.114701,1.167125,3
0.806546,0.445880,0.710265,4
0.510812,0.371567,0.348889,7
0.510812,0.594507,0.289749,6
0.779661,0.371567,0.353424,4
1.344243,1.486268,1.272151,3
1.505552,2.006462,1.838101,1
0.860316,0.371567,0.951183,4
0.457043,0.594507,0.211966,6
1.451783,1.040388,1.659563,2
1.317358,1.040388,1.841400,2
1.371128,1.189015,1.600806,2
0.537697,0.743134,0.230904,6
1.935710,2.600969,1.910435,1
1.236704,1.337641,1.269854,3
1.048510,0.891761,1.037006,3
0.645237,0.594507,0.522008,5
0.403273,0.148627,0.204898,7
0.457043,0.445880,0.164401,7
1.881940,2.006462,2.142959,1
1.048510,1.114701,0.901468,3
1.048510,0.817447,0.887478,3
1.209819,1.411955,1.209801,3
0.994740,0.891761,1.041895,3
1.317358,1.411955,1.489683,2
0.994740,1.263328,1.187800,3
1.075395,1.114701,1.054559,3
0.672122,0.668821,0.546541,5
0.779661,0.297254,0.764781,4
0.672122,0.817447,0.600615,5
1.424898,1.486268,1.761585,3
0.618352,0.817447,0.434535,6
0.725891,0.891761,0.764751,5
1.855056,2.526656,1.794217,1
0.860316,0.371567,1.823316,4
1.881940,2.080775,3.113109,1
1.034765,0.714563,0.642410,3
1.097478,1.071845,1.019006,3
1.003408,0.803883,0.895602,3
1.850034,2.500971,1.801410,1
0.689843,0.535922,0.515900,5
0.783913,0.625243,0.909456,4
1.066121,0.982524,0.936351,3
1.003408,0.982524,1.091850,3
0.376278,0.267961,0.186363,7
1.505112,1.965049,1.788271,1
0.533061,0.803883,0.312676,6
1.066121,1.161165,0.877138,3
0.752556,0.357282,0.766775,4
1.034765,1.250485,1.181236,3
0.438991,0.178641,0.247670,7
1.348330,1.071845,1.716043,2
1.316973,1.429126,1.530765,3
1.411043,1.071845,2.004733,2
0.438991,0.178641,0.216437,7
0.533061,0.803883,0.245205,6
0.689843,0.625243,0.498447,5
0.815269,0.357282,0.593896,4
0.407635,0.178641,0.151186,7
0.783913,0.446602,0.674555,4
1.160191,1.429126,1.371691,3
1.348330,1.518447,1.302076,3
0.689843,0.893204,0.489819,5
1.850034,2.233010,2.076567,1
1.097478,0.982524,1.312429,3
0.627130,0.625243,0.488439,5
1.034765,1.161165,1.039960,3
1.473756,1.250485,1.888848,2
0.564417,0.714563,0.354262,6
0.470348,0.178641,0.290465,6
1.034765,1.250485,0.951018,3
1.818678,2.590291,2.365552,1
0.595774,0.446602,0.464256,7
0.721200,0.625243,0.316940,5
0.689843,0.982524,0.477296,5
1.191547,1.339806,1.333210,3
1.348330,1.161165,1.657644,2
1.724608,1.965049,2.349011,1
1.097478,1.161165,1.415915,3
1.630539,2.233010,1.432259,1
0.846626,0.446602,0.748730,4
1.003408,0.446602,1.070231,4
0.762094,0.340741,0.472181,4
1.310802,1.277778,1.249338,3
0.609675,0.340741,0.434677,5
0.640159,0.681481,0.462185,5
1.097416,1.362963,0.641417,3
1.920477,2.640741,1.822109,1
0.640159,0.511111,0.416262,5
1.097416,1.022222,1.008575,3
1.615639,2.129630,1.540158,1
1.310802,1.362963,1.544943,3
0.335321,0.170370,0.161820,7
0.365805,0.425926,0.227961,7
1.554672,1.277778,1.840298,2
0.762094,0.340741,0.537120,4
1.798542,2.385185,2.226320,1
0.914513,0.681481,0.882281,4
0.670643,0.511111,0.600355,5
0.457256,0.340741,0.214432,6
1.188867,1.277778,1.313825,3
0.853545,0.255556,1.020325,4
0.792578,0.511111,0.772021,4
1.859510,2.129630,2.137907,1
1.036448,0.937037,1.109089,3
0.396289,0.340741,0.179858,6
0.396289,0.340741,0.106327,7
1.066932,0.766667,0.984198,3
0.487740,0.681481,0.271178,6
0.548708,0.425926,0.326972,7
1.859510,2.044444,2.485498,1
0.853545,0.681481,0.781892,4
0.426773,0.425926,0.117951,7
1.066932,1.448148,0.982319,3
1.097416,1.448148,1.026112,3
1.097416,1.022222,1.418699,3
1.524188,1.959259,2.093512,1
1.036448,1.448148,0.763678,3
1.158383,1.277778,1.562330,3
0.670643,0.851852,0.533938,5
1.371769,1.022222,1.781998,2
1.188867,1.277778,1.223057,3
0.975480,0.851852,1.079777,3
1.402253,1.022222,1.614065,2
0.518224,0.766667,0.186097,6
0.670643,0.681481,0.290645,5
1.463221,1.022222,2.199112,2
1.127899,1.277778,1.355189,3
1.110515,1.078125,1.067335,3
0.814378,0.503125,0.684920,4
0.444206,0.215625,0.233895,7
1.431330,1.940625,1.539568,1
0.542918,0.790625,0.365398,6
0.542918,0.287500,0.381295,6
0.345494,0.215625,0.272913,7
1.801502,2.156250,1.807209,1
1.283262,1.006250,1.477178,2
1.332618,1.006250,1.483978,2
1.061159,0.934375,0.938112,3
0.962446,1.078125,0.926465,3
0.863734,0.646875,0.804794,4
0.814378,0.503125,0.842518,4
0.690987,0.862500,0.567770,5
0.839056,0.646875,0.705163,4
1.357296,1.150000,1.548319,2
1.011803,1.078125,0.958123,3
0.789700,0.503125,0.761392,4
1.011803,1.221875,0.933921,3
0.814378,0.503125,0.737788,4
0.493562,0.287500,0.311738,6
0.518240,0.287500,0.399393,7
0.888412,0.718750,0.955921,3
1.628755,2.371875,1.663190,1
1.381974,0.934375,1.442255,2
0.740343,0.718750,0.547585,5
0.690987,0.718750,0.534624,5
0.913090,0.575000,1.074501,3
1.159871,1.221875,1.232717,3
0.542918,0.718750,0.290974,6
0.690987,0.503125,0.451372,5
0.444206,0.287500,0.254525,7
1.209227,1.509375,1.296807,3
1.801502,2.012500,1.910780,1
1.875536,2.659375,1.928338,1
1.110515,1.365625,0.898592,3
0.690987,0.862500,0.558653,5
1.283262,1.725000,1.340789,3
0.493562,0.287500,0.301655,7
0.962446,1.221875,0.943038,3
1.357296,1.509375,1.271523,3
0.839056,0.790625,1.270538,5
1.875536,2.731250,2.458790,1
1.406652,1.006250,1.938769,3
1.135193,0.646875,1.684881,3
0.535506,0.435331,0.344989,7
0.428405,0.217666,0.150905,6
0.428405,0.217666,0.138062,7
0.642608,0.798107,0.647668,5
1.874272,2.176656,2.104455,1
0.776484,0.580442,0.821784,4
1.419092,1.378549,1.451884,3
1.445867,1.015773,1.991569,2
1.097788,1.088328,1.273836,3
1.017462,1.305994,1.192715,3
1.365541,1.160883,1.601105,2
1.419092,1.088328,1.712764,2
0.642608,0.725552,0.483638,5
1.365541,1.596215,1.698568,1
0.669383,0.435331,0.593664,5
0.669383,0.725552,0.469365,5
1.874272,2.539432,2.230924,1
1.017462,1.233438,1.107125,3
0.669383,0.507886,0.509402,5
0.401630,0.217666,0.259986,7
0.508731,0.725552,0.372489,6
0.830035,0.507886,0.955479,4
1.017462,1.160883,1.013263,3
0.830035,0.580442,0.801152,4
1.071013,1.233438,0.985380,3
1.874272,2.031546,2.183457,1
1.338766,0.943218,1.585427,2
1.258440,1.305994,1.323347,3
1.258440,1.378549,1.379828,3
0.776484,0.580442,0.566904,4
1.526193,1.958991,1.552922,1
0.669383,0.580442,0.492626,5
1.151339,1.015773,1.372219,3
1.044237,1.015773,1.037979,3
0.374854,0.290221,0.226588,7
1.392317,1.378549,1.425661,3
0.455180,0.362776,0.191964,7
1.847497,2.466877,1.901588,1
1.017462,0.725552,1.032847,3
1.044237,0.870662,0.955990,3
0.803260,0.435331,0.759124,4
0.856810,1.813880,0.844356,4
1.285215,1.451104,0.968987,3
1.071013,0.870662,0.939214,3
0.401630,0.145110,0.126240,6
0.535506,0.725552,0.220562,6
0.696864,0.556660,0.575397,5
0.641115,0.556660,0.551971,5
1.505226,1.351889,1.660837,1
0.557491,0.795229,0.371397,6
1.198606,1.510934,1.168895,3
0.864111,0.636183,0.760651,4
1.254355,1.351889,1.380215,3
1.031359,0.954274,0.915182,3
0.696864,0.874751,0.635092,5
1.282230,1.590457,1.521458,3
1.337979,1.192843,1.456615,2
1.170732,1.192843,1.508747,3
0.836237,0.477137,0.880620,4
0.780488,0.954274,0.585290,5
1.170732,1.431412,1.303083,3
1.059233,0.715706,0.904201,3
1.142857,1.113320,1.079429,3
1.644599,1.749503,1.919142,1
1.839721,2.226640,2.218842,1
1.254355,0.954274,1.370588,2
0.418118,0.159046,0.297881,7
1.087108,1.272366,1.021241,3
1.003484,0.954274,1.092229,3
0.891986,0.318091,0.846502,4
0.975610,1.113320,0.955511,3
0.752613,0.477137,0.668457,4
0.696864,0.715706,0.573444,5
1.672474,2.385686,1.926130,1
1.310105,0.954274,1.795291,2
0.557491,0.636183,0.300831,6
0.529617,0.477137,0.407933,7
1.031359,1.113320,0.813648,3
1.365854,1.113320,1.695931,2
0.390244,0.397614,0.226982,7
0.445993,0.238569,0.217177,7
0.501742,0.636183,0.346329,6
0.864111,0.636183,0.806372,4
1.059233,1.192843,0.861187,3
0.919861,0.795229,0.952605,3
1.560976,2.226640,1.426668,1
0.988943,1.195841,1.026098,3
1.243243,1.275563,1.344315,3
0.960688,1.116118,1.038025,3
1.695332,2.391681,1.969995,1
1.441032,1.833622,1.650847,1
1.130221,1.435009,1.226763,3
0.988943,0.876950,1.057554,3
1.073710,1.036395,1.034113,3
0.593366,0.797227,0.452127,6
0.565111,0.797227,0.398039,6
0.678133,0.637782,0.568938,5
0.480344,0.239168,0.306445,7
1.808354,2.232236,2.017981,1
0.678133,0.637782,0.560854,5
0.706388,0.956672,0.628231,5
0.706388,0.717504,0.641710,5
0.819410,0.478336,0.744542,4
1.101966,1.275563,1.090217,3
0.706388,0.637782,0.573712,5
0.536855,0.239168,0.346468,6
0.480344,0.239168,0.272748,7
1.243243,0.797227,1.364275,2
1.441032,2.072790,1.425619,1
1.045455,1.116118,1.017376,3
0.565111,0.398614,0.452041,7
0.480344,0.239168,0.277230,7
0.847666,0.478336,0.803731,4
1.441032,1.275563,1.496633,2
1.186732,1.275563,1.102403,3
1.130221,1.195841,1.269251,3
1.808354,2.072790,2.054316,1
0.875921,0.478336,0.781497,4
0.875921,0.558059,0.781497,4
0.536855,0.637782,0.348071,7
1.271499,1.435009,1.248361,3
1.864865,2.551127,2.096183,1
1.017199,0.558059,1.185603,3
1.158477,1.514731,1.264201,3
1.045455,0.956672,1.022340,3
1.328010,0.558059,1.489721,2
0.678133,0.637782,0.543962,5
1.271499,1.435009,1.371911,3
0.649877,0.797227,0.466657,6
0.819410,0.558059,0.786892,4
0.932432,0.717504,0.920697,4
1.101966,0.637782,1.479810,2
0.871287,0.811475,0.772558,3
0.703732,0.450820,0.478355,5
1.507997,1.983607,1.464300,1
0.536177,0.631148,0.359332,6
1.072353,1.262295,1.055500,3
0.837776,0.450820,0.793874,4
0.569688,0.631148,0.325821,6
0.904798,0.450820,0.903530,4
1.273420,1.262295,1.131570,3
1.038842,1.352459,1.046058,3
0.670221,0.360656,0.487797,5
0.938309,1.172131,0.942623,3
1.474486,0.991803,1.640266,2
0.670221,0.811475,0.491780,5
0.971820,0.811475,1.062236,3
1.105864,1.081967,1.138799,3
0.569688,0.631148,0.379960,6
1.072353,1.262295,1.168278,3
0.636710,0.450820,0.382542,7
1.105864,1.172131,1.388844,3
1.776085,1.983607,2.292472,1
0.971820,1.262295,1.059065,3
0.536177,0.631148,0.306176,6
0.837776,0.360656,0.726114,4
0.670221,0.450820,0.717607,4
0.837776,0.450820,0.865495,4
0.502666,0.180328,0.297251,7
0.837776,0.991803,0.585651,5
1.239909,0.991803,1.640659,2
1.105864,1.352459,1.538945,2
0.435644,0.450820,0.256265,7
2.010663,2.704918,1.796243,1
0.804265,0.540984,0.712518,5
1.139375,1.081967,1.180670,3
1.239909,1.081967,1.533437,2
0.971820,0.811475,0.928953,3
1.273420,1.352459,1.447237,3
0.469155,0.180328,0.171344,7
1.072353,1.262295,1.188341,3
1.005331,1.081967,1.024742,3
1.843107,2.254098,2.220704,1
1.943641,2.344262,2.183898,1
1.440975,1.713115,1.638790,1
0.502666,0.450820,0.273402,7
0.910317,0.666667,0.842886,4
1.881322,2.083333,1.847879,1
1.122724,1.333333,1.119200,3
0.728254,0.916667,0.588714,5
1.517195,2.083333,1.684907,1
1.001349,1.166667,0.973002,3
0.637222,0.416667,0.541508,5
0.697910,0.666667,0.590676,5
1.244100,1.416667,1.268340,3
0.910317,0.500000,0.853486,4
0.485502,0.500000,0.286220,7
1.395819,1.083333,1.687389,2
0.576534,0.750000,0.421030,6
0.849629,0.333333,0.770961,4
0.455158,0.166667,0.247074,7
0.576534,0.750000,0.389770,6
1.486851,1.083333,1.741155,2
0.788941,0.583333,0.818648,4
1.335131,1.083333,1.517915,2
1.153068,1.333333,1.348576,3
0.758597,1.000000,0.637498,5
1.820634,2.583333,1.987305,1
1.092380,1.083333,1.178467,3
0.667566,0.583333,0.567689,5
0.971005,0.916667,1.006608,3
0.546190,0.833333,0.352644,6
1.456507,1.250000,1.630929,2
1.244100,1.333333,1.323222,3
0.576534,0.833333,0.403832,6
1.304788,1.166667,1.271938,3
0.758597,0.416667,0.736105,4
0.940661,0.916667,1.056450,3
1.395819,1.666667,1.665401,1
0.424815,0.333333,0.234089,7
1.062036,1.000000,1.141514,3
0.485502,0.250000,0.280084,7
1.699258,1.833333,1.978187,1
1.122724,1.250000,1.221423,3
1.001349,1.250000,0.993008,3
0.637222,0.500000,0.518636,5
0.971005,0.833333,0.987757,3
0.910317,0.500000,0.716887,4
1.911666,2.583333,2.014833,1
0.546190,0.333333,0.482913,7
0.940661,0.833333,1.073244,3
0.415385,0.305085,0.219247,7
0.720000,0.762712,0.615362,5
1.744615,1.906780,1.816283,1
0.830769,0.457627,0.896589,4
1.606154,2.135593,1.893494,1
1.024615,0.915254,1.055877,3
1.107692,0.991525,1.038225,3
0.415385,0.152542,0.278007,7
0.526154,0.686441,0.243385,6
0.720000,0.838983,0.643379,5
1.523077,2.059322,1.601972,1
1.080000,1.220339,1.013475,3
0.969231,0.838983,1.103238,3
1.329231,1.220339,1.456528,3
0.636923,0.533898,0.618982,5
1.107692,1.449153,0.977702,3
0.830769,0.610169,0.686744,4
0.858462,0.457627,0.887516,4
1.384615,1.067797,1.648228,2
1.301538,1.144068,1.570077,2
1.024615,1.144068,1.091321,3
1.273846,1.372881,1.280999,3
1.993846,2.822034,1.956038,1
0.526154,0.762712,0.447707,6
0.470769,0.457627,0.285364,6
0.636923,0.533898,0.657975,5
1.107692,0.991525,1.359315,3
0.996923,0.991525,1.204235,3
1.080000,0.991525,1.238927,3
1.080000,1.220339,0.993238,3
0.775385,0.457627,0.784192,4
0.775385,0.610169,0.765789,4
1.190769,1.067797,1.173374,2
1.356923,0.991525,1.850176,2
0.720000,0.610169,0.443664,5
1.163077,1.296610,1.416148,3
1.329231,1.296610,1.318818,3
1.938462,2.516949,1.936812,1
0.498462,0.228814,0.427752,7
0.692308,0.762712,0.434568,5
1.910769,2.135593,1.818140,1
0.526154,0.762712,0.394423,6
0.803077,0.457627,0.779209,4
0.526154,0.228814,0.325885,7
0.470769,0.533898,0.351622,7
1.071637,1.214521,1.055305,3
1.044846,1.290429,0.882980,3
1.902155,2.125413,2.024557,1
1.018055,1.062706,0.977093,3
0.535818,0.683168,0.334006,6
0.562609,0.759076,0.290465,6
0.562609,0.759076,0.239630,6
0.776937,0.986799,0.567613,5
1.044846,0.986799,1.081346,3
1.018055,1.062706,1.041463,3
0.964473,0.759076,1.119960,3
1.419918,1.594059,1.366664,3
1.848573,2.201320,1.936292,1
1.527082,2.201320,1.756673,1
1.285964,1.138614,1.782649,2
1.821782,2.580858,1.945885,1
1.071637,1.366337,1.011873,3
1.446709,1.214521,1.475276,2
1.044846,1.062706,1.295833,3
0.509027,0.227723,0.455474,7
0.669773,0.531353,0.551164,5
1.446709,2.049505,1.674453,1
0.428655,0.379538,0.295174,7
1.419918,1.062706,1.701546,2
1.018055,0.607261,1.127669,3
0.616191,0.531353,0.626814,5
0.455446,0.379538,0.261247,7
0.830518,0.303630,0.648190,4
0.696564,0.910891,0.683080,5
0.991264,0.986799,0.997002,3
0.616191,0.455446,0.571292,5
0.348282,0.227723,0.230694,7
0.830518,0.455446,0.720336,4
0.803727,0.303630,0.820296,4
0.642982,0.531353,0.393842,5
1.393128,0.986799,1.348310,2
1.098427,1.366337,1.041069,3
0.535818,0.683168,0.315499,6
1.928946,2.201320,1.989054,1
1.071637,1.138614,1.307485,3
0.964473,0.531353,0.748129,4
0.884100,0.683168,0.790663,4
0.803727,0.531353,0.667486,4
0.482236,0.379538,0.255903,7
1.312755,1.366337,1.763375,3
1.232382,1.138614,1.829191,3
1.765779,1.930612,1.974098,1
0.980989,1.228571,0.887602,3
0.719392,0.351020,0.590162,5
1.144487,1.140816,1.226291,3
0.555894,0.526531,0.308123,7
1.111787,1.316327,1.246253,3
0.980989,1.053061,1.086851,3
1.798479,2.369388,1.930935,1
0.980989,1.228571,1.030123,3
0.588593,0.789796,0.411646,6
0.523194,0.526531,0.226457,7
1.177186,1.140816,1.359215,3
1.307985,1.228571,1.376018,2
1.013688,1.140816,1.113664,3
1.275285,1.316327,1.380224,3
0.850190,0.526531,0.842584,4
1.111787,1.228571,1.129125,3
1.079087,1.228571,1.237229,3
1.242586,0.877551,1.467043,2
0.588593,0.789796,0.301469,6
0.948289,0.965306,1.058516,3
1.667681,2.193878,2.003557,1
0.850190,0.438776,0.770395,4
1.373384,1.842857,1.606641,1
1.602281,1.755102,1.847492,1
1.340684,1.053061,1.526910,2
1.438783,1.755102,1.600856,1
0.752091,0.877551,0.578749,5
0.915589,0.789796,1.069435,3
1.406084,1.228571,1.480075,2
0.490494,0.175510,0.248176,7
0.588593,0.877551,0.372077,6
1.013688,1.316327,1.015946,3
0.752091,0.351020,0.670979,7
0.686692,0.614286,0.490113,5
0.686692,0.702041,0.500006,5
0.588593,0.789796,0.301054,6
0.686692,0.614286,0.500203,5
1.144487,0.614286,1.342056,4
0.882890,0.614286,0.922255,4
0.980989,0.702041,0.962061,4
0.915589,0.526531,0.700932,4
0.490494,0.263265,0.306405,7
0.866394,0.659960,0.989385,4
1.117928,1.484909,1.319214,3
0.698705,1.072435,0.504048,5
1.872529,2.722334,2.070399,1
0.475119,0.742455,0.423078,6
1.062031,1.319920,1.028731,3
0.447171,0.742455,0.437915,6
1.397410,1.072435,1.757661,2
0.726653,0.577465,0.540380,5
0.838446,0.659960,0.832282,4
1.872529,2.309859,1.947046,1
0.419223,0.329980,0.314713,7
1.453306,1.237425,1.525512,2
0.950239,1.154930,1.046986,3
1.397410,0.989940,1.360484,3
0.810498,0.577465,0.939305,4
2.096115,2.474849,1.880179,1
1.593047,1.402414,1.499181,1
1.145876,1.402414,1.134158,3
0.782549,0.494970,0.828079,4
0.978187,1.237425,1.061341,3
1.089980,0.659960,0.911479,3
0.642808,0.329980,0.553825,5
1.117928,1.237425,1.116005,3
1.257669,1.237425,1.471026,2
1.089980,1.072435,0.916062,3
0.419223,0.164990,0.317524,7
0.698705,0.989940,0.602260,5
1.145876,1.402414,1.178517,3
1.453306,1.567404,1.179125,1
0.782549,0.742455,0.543647,4
0.335378,0.247485,0.270912,7
0.503067,0.659960,0.248783,6
1.397410,1.154930,1.548350,2
1.117928,0.742455,1.734545,1
0.419223,0.164990,0.211210,7
1.034083,1.154930,1.186341,3
0.950239,0.577465,1.136564,4
1.117928,0.989940,1.276045,3
0.642808,0.329980,0.449081,5
0.782549,0.907445,0.708624,5
1.557277,2.157303,1.367756,1
0.627559,0.404494,0.419674,5
0.627559,0.539326,0.487593,5
1.859436,2.561798,1.850561,1
0.348644,0.134831,0.303905,7
1.324848,1.078652,1.382166,2
0.813503,0.471910,0.544510,4
0.511345,0.269663,0.461045,7
1.092418,0.808989,1.176210,3
0.418373,0.269663,0.198824,7
0.395130,0.202247,0.254266,7
1.278362,1.280899,1.304213,3
1.045932,1.078652,1.074973,3
1.092418,1.078652,1.169657,3
1.278362,1.483146,1.190935,3
1.022690,1.146067,0.844112,3
1.789707,1.550562,2.084348,1
1.394577,1.146067,1.514933,2
0.813503,0.539326,0.913094,4
1.696735,2.359551,1.880688,1
1.859436,2.157303,2.132536,1
0.999447,1.483146,0.898249,3
0.488102,0.741573,0.331324,6
0.418373,0.202247,0.211904,6
1.162147,1.213483,1.139821,3
1.185390,1.280899,1.236996,3
0.767017,0.471910,0.630660,4
1.278362,1.078652,1.634837,2
0.883232,1.146067,1.060538,3
0.697288,0.674157,0.541295,5
0.534588,0.674157,0.451276,6
0.395130,0.404494,0.188693,7
0.906475,0.674157,0.906856,4
1.045932,1.011236,1.047094,3
1.696735,2.426966,1.403976,1
1.208633,1.280899,1.329069,3
1.045932,1.078652,1.175775,3
0.720531,0.741573,0.681339,5
0.813503,0.471910,1.130512,4
1.022690,0.471910,1.245193,3
0.534588,0.741573,0.342036,6
1.348091,1.011236,1.856558,2
1.355422,1.163793,1.329130,2
0.903614,0.646552,0.906714,3
0.813253,0.452586,0.871530,4
1.468373,1.163793,1.371789,2
0.429217,0.193966,0.220285,6
1.039157,1.228448,1.217017,3
0.451807,0.258621,0.282536,7
0.406627,0.387931,0.283138,7
0.519578,0.711207,0.427309,6
0.496988,0.387931,0.318924,7
1.536145,2.068966,1.581454,1
1.174699,1.293103,1.353227,3
0.745482,0.646552,0.745553,4
1.016566,1.228448,1.091641,3
0.745482,0.581897,0.747844,4
0.406627,0.323276,0.263352,7
1.197289,1.228448,1.174493,3
0.993976,0.905172,1.218570,3
1.129518,1.099138,1.257171,3
0.496988,0.646552,0.474182,6
1.310241,1.422414,1.542600,3
1.061747,1.034483,1.135349,3
1.016566,0.840517,1.152999,3
0.835843,0.452586,0.894171,4
1.965361,2.715517,1.921289,1
0.858434,0.452586,0.821862,4
0.542169,0.323276,0.503851,7
0.632530,0.517241,0.611052,5
1.174699,1.357759,1.142184,3
1.400602,1.163793,1.665510,2
1.762048,2.068966,1.944881,1
0.609940,0.452586,0.642993,5
1.016566,1.163793,1.041079,3
1.875000,2.133621,2.143924,1
0.745482,0.581897,0.477813,5
1.129518,1.163793,1.142281,3
0.677711,0.711207,0.585383,5
1.400602,1.099138,1.477320,2
0.519578,0.387931,0.241683,6
0.677711,0.775862,0.497094,5
1.445783,1.810345,1.354023,1
1.332831,1.487069,1.135271,3
1.265060,1.616379,0.907724,3
0.813253,0.581897,1.097913,4
1.603916,2.068966,1.783895,1
1.315789,0.970149,1.232244,2
1.052632,0.970149,1.100795,3
0.763158,0.820896,0.627318,5
0.500000,0.373134,0.316903,7
1.815789,2.014925,1.688197,1
1.052632,0.895522,0.983832,3
1.289474,1.343284,1.065318,3
1.026316,0.970149,1.068751,3
0.684211,0.447761,0.598599,5
0.684211,0.522388,0.572054,5
0.868421,0.746269,0.937806,4
1.789474,2.014925,1.735608,1
1.710526,1.940299,2.011553,1
1.078947,1.119403,1.178812,3
0.447368,0.223881,0.328963,7
1.315789,1.119403,1.560128,2
0.552632,0.671642,0.388109,6
1.131579,1.268657,1.249856,3
1.263158,1.492537,1.321637,3
0.526316,0.671642,0.491431,6
1.421053,1.268657,1.454919,2
1.105263,1.343284,0.949164,3
0.736842,0.671642,0.772444,4
1.368421,1.119403,1.361409,2
1.526316,2.089552,1.446184,1
1.894737,2.611940,2.242836,1
0.552632,0.746269,0.437191,6
1.052632,1.044776,1.153166,3
0.657895,0.447761,0.594681,5
0.815789,0.447761,0.720163,4
0.473684,0.223881,0.319204,7
0.789474,0.895522,0.663946,5
0.421053,0.447761,0.308007,7
1.026316,1.044776,1.031944,3
0.842105,0.671642,0.754579,4
0.789474,0.597015,0.845734,4
1.421053,1.940299,1.700652,1
0.868421,0.522388,0.958258,4
1.131579,1.268657,1.443920,3
0.789474,1.044776,0.726201,5
0.657895,0.298507,0.500165,6
1.131579,1.268657,1.383318,3
1.105263,1.119403,1.249910,3
0.552632,0.298507,0.492114,7
1.000000,0.970149,1.031980,3
0.644336,0.482517,0.423203,5
0.896468,0.562937,0.932375,4
1.344702,1.045455,1.369599,2
1.232643,1.367133,1.195422,3
1.344702,1.447552,1.193554,3
1.540804,2.171329,1.708386,1
1.792935,2.573427,1.992552,1
1.848965,2.090909,2.065734,1
0.448234,0.241259,0.354647,6
1.008526,0.884615,0.926369,3
0.560292,0.804196,0.340942,6
1.820950,2.171329,1.845182,1
0.784409,0.562937,0.808135,4
1.036541,1.206294,1.034117,3
1.036541,0.965035,1.237889,3
0.840438,0.643357,0.853475,4
0.672351,0.804196,0.640537,5
1.036541,1.367133,1.044633,3
1.064555,1.125874,1.176458,3
1.064555,0.643357,1.185624,3
0.588307,0.402098,0.497966,7
1.400731,1.206294,1.708587,2
1.064555,1.045455,1.148071,3
1.568819,2.171329,1.800043,1
0.532278,0.723776,0.403119,6
1.036541,1.286713,0.949442,3
0.812424,0.643357,0.667460,4
0.952497,0.884615,1.113764,3
0.812424,0.482517,0.896660,4
0.420219,0.241259,0.238740,7
1.456760,1.206294,1.462233,2
0.532278,0.723776,0.417773,6
1.316687,1.125874,1.673361,2
0.588307,0.482517,0.555488,5
1.989038,2.090909,1.919945,1
1.316687,1.367133,1.315237,3
0.420219,0.321678,0.244141,7
0.644336,0.723776,0.571148,5
0.616322,0.643357,0.483341,5
0.896468,1.045455,1.017509,3
0.476248,0.241259,0.326834,7
1.036541,1.125874,1.268920,3
0.700365,0.884615,0.540001,5
1.372716,0.723776,1.442666,3
0.504263,0.241259,0.246957,7
0.924482,0.804196,0.761760,4
1.035151,0.980658,0.852403,3
1.594692,2.263056,1.638999,1
0.587518,0.754352,0.479343,6
1.846485,2.036750,2.056581,1
1.454806,1.131528,1.488506,2
0.475610,0.226306,0.286133,7
1.986370,2.715667,2.116787,1
0.699426,0.905222,0.643260,5
0.895265,0.528046,0.896157,4
0.979197,1.056093,1.047087,3
1.258967,1.282398,1.393633,3
1.370875,1.584139,1.510206,3
1.454806,1.206963,1.649124,2
0.671449,0.678917,0.597245,5
0.783357,0.905222,0.706225,5
1.063128,0.980658,1.237372,3
1.203013,1.433269,1.288968,3
1.007174,0.905222,1.156648,3
0.559541,0.452611,0.406586,6
0.643472,0.603482,0.616974,5
0.559541,0.678917,0.420237,6
0.643472,0.377176,0.648301,5
1.119082,1.206963,1.205547,3
1.510760,1.735010,1.781630,1
1.091105,1.131528,1.206377,3
0.699426,0.603482,0.572059,5
1.035151,0.980658,1.015303,3
1.035151,1.056093,0.965512,3
1.342898,0.980658,1.436246,2
0.475610,0.226306,0.215035,7
1.203013,1.282398,1.473651,3
1.342898,1.433269,1.501202,3
0.559541,0.754352,0.416897,6
0.839311,0.528046,0.764273,4
0.979197,0.678917,0.907734,4
0.447633,0.301741,0.330717,7
1.091105,1.282398,0.983603,3
0.503587,0.452611,0.291631,7
0.951220,0.678917,0.795807,4
1.384010,1.284047,1.324506,2
0.720839,0.856031,0.601616,5
1.153342,1.284047,1.052815,3
0.720839,0.684825,0.591237,5
0.807339,0.513619,1.355726,3
0.634338,0.941634,0.530682,5
0.836173,0.513619,0.814173,4
0.692005,0.856031,0.574384,5
1.297510,1.540856,1.380855,3
1.470511,1.198444,1.951852,2
1.153342,1.626459,1.041944,3
1.701180,1.369650,1.735908,1
0.749672,0.599222,0.744604,4
0.432503,0.171206,0.261531,7
1.960682,2.311284,2.199070,1
0.490170,0.342412,0.278411,7
1.557012,1.455253,1.768548,1
1.557012,1.198444,1.844153,2
0.663172,0.856031,0.634120,5
0.865007,0.513619,0.837335,4
0.374836,0.342412,0.205045,7
1.239843,1.112840,1.174006,3
0.634338,0.856031,0.440901,6
0.519004,0.684825,0.316595,6
1.066841,1.027237,1.294570,3
0.922674,0.599222,0.957052,4
0.519004,0.256809,0.370622,6
1.268676,1.540856,1.362609,3
0.461337,0.256809,0.245552,7
1.816514,1.626459,2.173422,1
1.268676,1.284047,1.292986,3
1.355177,1.626459,1.406093,3
0.663172,0.513619,0.616939,5
1.095675,1.198444,1.104957,3
1.239843,1.369650,1.397625,3
1.095675,1.112840,1.167096,3
0.576671,0.428016,0.481872,7
1.095675,1.455253,1.014520,3
0.865007,0.513619,0.897890,4
0.605505,0.941634,0.385099,6
0.778506,0.428016,0.611476,4
1.384010,1.284047,1.506335,2
1.095675,1.712062,0.989091,3
1.211009,1.712062,1.064177,3
0.988470,0.676471,0.831202,3
1.446541,1.150000,1.493851,2
1.084906,0.947059,0.889199,3
0.626834,0.744118,0.404441,5
0.602725,0.338235,0.549942,5
0.843816,0.473529,0.810443,4
1.784067,2.029412,2.012134,1
0.675052,0.744118,0.518638,5
0.385744,0.338235,0.263031,7
1.880503,2.705882,1.959244,1
0.843816,0.473529,0.654539,4
0.433962,0.202941,0.193023,7
1.012579,1.217647,1.018480,3
0.626834,0.473529,0.645460,5
1.229560,1.352941,1.068462,3
1.012579,0.947059,1.022830,3
0.530398,0.676471,0.421299,6
0.819706,0.676471,0.851440,4
0.506289,0.541176,0.277974,6
1.060797,1.014706,1.316786,3
1.012579,1.150000,0.856571,3
0.843816,0.676471,0.792498,4
1.036688,0.947059,1.048980,3
0.988470,1.082353,0.866194,3
0.867925,0.338235,0.906718,4
0.506289,0.744118,0.391698,6
0.626834,0.473529,0.521688,5
1.784067,1.961765,2.174634,1
1.350105,1.082353,1.541705,2
1.133124,1.285294,1.152017,3
0.385744,0.202941,0.247450,7
1.109015,1.150000,1.011316,3
0.482180,0.676471,0.400375,6
1.205451,1.352941,1.152655,3
1.325996,1.420588,1.383791,3
1.422432,1.082353,1.765772,2
0.723270,0.676471,0.454234,5
0.482180,0.608824,0.236882,7
1.518868,2.029412,1.587005,1
1.422432,2.097059,1.517399,1
0.554507,0.338235,0.358479,7
1.856394,2.638235,1.857413,1
1.374214,1.488235,1.432260,3
1.350105,0.947059,1.543336,2
0.988470,0.676471,1.416301,4
1.253669,1.150000,2.180214,3
1.292164,0.971564,1.344321,3
0.628620,0.680095,0.451837,5
1.012777,1.068720,0.995997,3
0.698467,0.680095,0.503452,5
0.663543,0.291469,0.544618,5
1.082624,1.457346,0.966759,3
0.454003,0.680095,0.253081,6
0.488927,0.291469,0.281967,7
1.816014,2.040284,2.069082,1
0.838160,0.388626,0.828273,4
1.117547,1.457346,0.898466,3
0.454003,0.194313,0.195695,6
0.908007,0.388626,0.930167,4
0.488927,0.680095,0.360744,6
1.292164,0.971564,1.688107,2
0.628620,0.777251,0.509926,5
0.838160,0.777251,1.010246,4
1.362010,1.360190,1.722939,1
1.187394,1.263033,1.285000,3
0.698467,0.582938,0.490328,5
1.117547,1.360190,0.875033,3
1.466780,0.971564,2.017924,2
1.292164,1.360190,1.353152,3
0.419080,0.291469,0.172614,7
1.117547,0.971564,1.885526,2
1.955707,2.623223,2.013526,1
0.663543,0.485782,0.390686,5
0.488927,0.680095,0.329747,6
1.082624,0.971564,1.128817,3
1.222317,1.360190,1.313465,2
0.977853,0.874408,0.724761,4
1.047700,0.971564,1.325462,3
1.012777,0.874408,1.037831,3
1.152470,1.263033,0.991845,3
1.606474,2.137441,1.818218,1
0.838160,0.777251,0.660092,4
1.082624,1.165877,0.877496,3
1.955707,2.526066,1.735957,1
0.838160,0.388626,0.810294,4
1.292164,1.748815,1.876730,3
0.419080,0.194313,0.329817,7
0.786408,1.149635,1.051622,3
1.427184,1.231752,1.543086,1
1.252427,1.560219,1.443167,3
0.582524,0.985401,0.359569,6
0.669903,0.656934,0.492634,5
0.699029,0.574818,0.496384,5
1.368932,0.985401,1.504540,2
0.786408,0.328467,0.577855,4
0.378641,0.246350,0.280948,7
0.611650,0.656934,0.469327,5
1.834951,2.545620,1.702008,1
0.553398,0.821168,0.286918,6
0.990291,0.821168,0.883190,3
1.194175,1.395985,1.247979,3
1.485437,1.231752,1.940871,2
0.902913,0.492701,1.055731,4
1.339806,1.478102,1.505680,3
1.019417,1.313869,1.143891,3
0.873786,0.739051,0.601942,4
0.466019,0.492701,0.304646,7
0.466019,0.328467,0.272129,7
0.669903,0.821168,0.638358,5
0.553398,0.739051,0.372198,6
0.611650,0.492701,0.496714,5
0.786408,0.328467,0.964691,4
1.922330,2.135036,2.319399,1
0.466019,0.328467,0.301436,6
0.436893,0.328467,0.195968,7
0.669903,0.492701,0.411074,5
0.990291,0.903285,0.870202,3
1.194175,1.313869,1.333440,3
1.427184,0.985401,2.001824,2
0.844660,0.328467,1.056601,4
1.339806,1.478102,1.717546,3
1.048544,0.903285,0.961722,3
1.805825,2.052920,1.724116,1
2.126214,2.874088,1.778920,1
1.543689,1.888686,1.928213,1
1.019417,0.821168,1.214863,3
1.077670,0.985401,1.483153,3
1.048544,1.478102,0.892159,3
1.019417,1.149635,0.828177,3
1.339806,1.231752,1.199745,2
0.873786,0.656934,0.782672,4
0.495146,0.246350,0.362689,7
1.048837,0.952087,1.139661,3
0.639535,0.680062,0.489747,5
0.434884,0.408037,0.402579,7
1.560465,1.972179,1.776605,1
0.562791,0.544049,0.341117,6
1.074419,1.020093,1.157990,3
0.716279,0.680062,0.583626,5
0.409302,0.272025,0.304088,7
1.048837,0.952087,1.115642,3
0.613953,0.476043,0.547342,5
0.818605,0.340031,0.798446,4
0.665116,0.476043,0.655900,5
0.716279,0.544049,0.690418,5
1.048837,1.156105,1.003964,3
0.409302,0.272025,0.311682,7
1.406977,1.088099,1.547342,2
1.023256,1.496136,0.975588,3
0.613953,0.612056,0.367001,6
0.562791,0.816074,0.259130,7
1.125581,1.292117,1.003984,3
0.793023,0.680062,0.752389,4
0.665116,0.884080,0.441590,5
0.562791,0.884080,0.369787,6
0.537209,0.612056,0.354246,6
2.020930,2.720247,1.790008,1
0.588372,0.204019,0.246728,7
1.227907,1.428130,1.298711,3
1.381395,1.496136,1.585078,2
1.048837,1.292117,1.035166,3
1.816279,2.108192,2.172197,1
1.483721,2.040185,1.786475,1
0.767442,0.884080,0.807218,4
1.483721,0.476043,1.456995,3
1.816279,1.972179,2.076532,1
1.304651,1.496136,1.417336,3
1.100000,0.952087,1.262270,3
1.048837,0.884080,1.033184,3
1.253488,1.496136,1.429875,3
1.074419,0.952087,1.032909,3
0.895349,0.680062,0.799035,4
0.741860,0.884080,0.729331,4
1.483721,1.224111,1.831924,2
0.920930,0.476043,1.040032,4
1.483721,1.224111,1.779136,2
1.373134,1.045455,1.676849,2
0.473495,0.326705,0.351167,7
0.662892,0.849432,0.943192,3
0.568194,0.522727,0.295322,6
0.520844,0.457386,0.246501,6
1.018013,1.176136,0.881643,3
0.615543,0.718750,0.343331,5
1.396809,1.176136,1.838984,2
1.893978,2.090909,1.852646,1
0.852290,0.457386,0.994043,4
0.994339,0.980114,0.919786,3
1.278435,1.502841,1.108047,3
1.302110,1.045455,1.338410,2
1.136387,0.980114,1.320384,3
0.497169,0.718750,0.417426,6
2.012352,2.678977,1.901630,1
1.018013,0.457386,1.131088,3
0.520844,0.457386,0.318809,6
0.473495,0.261364,0.291059,7
0.710242,0.718750,0.549375,5
0.828616,0.653409,1.018464,4
1.041688,1.241477,0.945730,3
0.733917,0.653409,0.413731,5
1.089038,1.372159,1.052832,3
1.136387,1.502841,1.358913,3
0.378796,0.196023,0.317571,7
0.781266,0.653409,0.794881,4
0.355121,0.196023,0.288847,7
1.373134,0.914773,1.493481,3
1.325785,0.914773,1.535278,3
1.160062,1.372159,1.360781,3
0.994339,0.980114,0.695798,4
0.615543,0.653409,0.554612,5
1.373134,1.110795,1.497987,2
0.733917,0.653409,0.704344,5
1.018013,1.306818,1.057643,3
1.065363,1.241477,0.896503,3
1.254761,1.437500,1.238372,3
0.662892,0.914773,0.724380,4
0.497169,0.392045,0.182110,7
1.562532,1.633523,1.582983,1
1.870304,2.352273,1.844262,1
0.804941,0.653409,0.799205,4
0.639218,0.522727,0.586240,5
1.870304,2.744318,2.269077,1
1.515183,1.110795,2.066282,1
1.107939,1.525510,1.086124,3
1.231044,1.290816,1.559344,3
1.025870,1.056122,1.383254,3
1.107939,1.642857,1.029676,3
0.492417,0.352041,0.215851,7
0.943800,0.821429,0.953188,4
0.451383,0.117347,0.132617,6
1.477252,1.173469,2.188775,2
0.615522,0.469388,0.326113,7
1.559322,1.173469,2.097835,2
0.533452,0.821429,0.142158,6
0.861731,0.352041,0.999456,4
0.984835,1.290816,0.894105,3
1.723461,2.112245,2.236560,1
1.518287,1.408163,1.516509,1
1.231044,1.642857,1.236665,3
0.861731,0.821429,1.023768,4
1.846566,2.581633,1.889050,1
0.656557,0.234694,0.260283,5
0.697591,0.704082,0.423040,5
1.107939,1.056122,1.241056,3
1.313113,0.938776,1.438903,2
0.861731,0.586735,0.840491,4
1.272079,1.290816,1.396508,3
0.943800,0.821429,0.787956,3
0.369313,0.234694,0.167388,7
1.354148,1.173469,1.421698,2
0.697591,0.586735,0.486035,5
0.656557,0.586735,0.397970,5
1.313113,1.760204,1.615513,3
0.984835,1.290816,0.927918,3
1.764496,2.112245,2.280712,1
0.656557,0.352041,0.151859,7
0.779661,0.469388,0.640808,4
0.697591,0.352041,0.378049,5
0.820696,0.821429,0.529070,4
0.492417,0.234694,0.183476,6
0.369313,0.117347,0.071378,7
1.313113,1.173469,1.736153,3
1.559322,2.229592,2.100031,1
0.697591,0.821429,0.352301,5
0.902765,0.821429,0.961132,3
0.984835,0.938776,1.031233,3
1.518287,1.994898,1.663418,1
1.025870,0.821429,1.313712,3
0.615522,0.821429,0.290863,6
0.429104,0.128134,0.201063,7
1.029851,0.896936,0.919526,3
1.158582,1.153203,1.519584,2
0.686567,0.768802,0.485636,5
0.600746,0.384401,0.201506,7
1.373134,1.281337,1.473421,2
0.986940,0.768802,1.087839,3
0.643657,0.384401,0.274190,6
1.330224,1.025070,1.688612,2
0.729478,0.512535,0.699500,4
0.772388,0.384401,0.456699,5
0.944030,0.896936,0.668316,4
0.772388,0.640669,0.460750,5
1.201493,1.537604,1.380923,3
0.686567,0.640669,0.304114,5
1.716418,2.562674,2.185347,1
1.673507,2.050139,2.074670,1
1.029851,1.409471,0.847932,3
1.458955,1.665738,1.589136,1
0.643657,0.256267,0.445567,5
1.373134,1.153203,1.869556,2
1.115672,1.281337,1.445947,3
1.072761,1.153203,1.250501,3
1.072761,1.409471,0.910981,3
1.287313,1.665738,1.512026,3
0.600746,0.256267,0.348099,7
0.944030,0.512535,0.727552,4
1.716418,2.690808,2.204207,1
0.815299,0.384401,0.842519,4
1.072761,1.537604,1.054817,3
0.944030,1.153203,1.006815,3
1.416045,1.665738,1.785297,1
1.716418,2.178273,2.166759,1
0.600746,0.384401,0.338192,7
0.557836,0.384401,0.367436,6
0.386194,0.256267,0.155070,6
0.472015,0.128134,0.161402,7
0.686567,0.512535,0.281543,6
0.815299,0.768802,0.471168,5
1.029851,0.896936,1.158582,3
0.986940,0.896936,1.164029,3
0.901119,0.384401,0.854060,4
1.115672,1.153203,1.227011,3
0.944030,0.768802,0.929705,4
1.330224,1.665738,1.316546,3
1.158582,1.409471,1.485847,3
0.768997,0.295302,0.621622,4
0.668693,0.393736,0.444700,5
1.036474,1.279642,0.553013,3
0.902736,0.885906,0.837709,3
1.571429,1.870246,1.411815,1
0.601824,0.787472,0.362160,5
1.036474,0.984340,0.805276,3
0.367781,0.098434,0.162092,7
1.437690,1.082774,1.717425,2
1.303951,0.984340,1.396985,2
0.568389,0.295302,0.295711,5
0.969605,0.885906,0.888212,3
1.571429,1.574944,1.834953,1
0.601824,0.689038,0.274329,5
0.668693,0.689038,0.421014,5
1.103343,1.082774,1.312645,3
0.534954,0.689038,0.204172,6
0.367781,0.196868,0.213099,7
1.170213,1.378076,1.309010,3
0.601824,0.787472,0.541386,5
1.103343,1.082774,1.271069,3
0.401216,0.492170,0.063822,7
0.534954,0.295302,0.279980,7
1.170213,1.279642,1.142274,3
1.805471,2.165548,2.270798,1
1.237082,1.574944,1.145298,3
1.303951,1.476510,1.610804,3
0.468085,0.689038,0.211227,6
1.069909,1.476510,0.850955,3
0.534954,0.492170,0.352405,6
0.702128,0.295302,0.891235,4
1.838906,2.756152,2.081781,1
0.568389,0.393736,0.236604,7
1.838906,2.756152,1.914901,1
1.404255,1.378076,1.613575,2
0.869301,0.590604,0.743542,4
0.768997,0.393736,0.652975,4
1.404255,1.279642,2.452436,2
1.003040,0.885906,1.178379,3
1.738602,2.165548,2.394409,1
1.069909,0.689038,1.048648,4
0.668693,0.787472,0.286855,6
1.571429,0.393736,2.080197,3
1.069909,1.279642,1.618507,3
0.595194,0.483363,0.480932,5
1.303758,1.288967,1.393050,3
1.502157,1.611208,1.876423,1
1.360444,1.127846,1.559409,2
1.105360,1.047285,1.140524,3
1.757240,1.933450,2.257251,1
0.651879,0.563923,0.395312,5
1.587184,2.175131,1.621039,1
0.623537,0.644483,0.582257,5
0.850277,0.644483,0.808384,4
0.396796,0.161121,0.141791,7
0.481824,0.483363,0.176058,6
1.728897,2.416813,2.013204,1
0.736907,0.402802,0.836260,4
1.587184,1.288967,1.968724,2
0.651879,0.483363,0.652751,5
0.510166,0.483363,0.296717,7
1.417129,0.886165,1.717354,2
1.020333,1.288967,0.927694,3
0.991990,1.369527,0.878942,3
1.303758,1.530648,1.208449,3
0.311768,0.161121,0.231779,7
1.162046,1.369527,1.458662,3
1.048675,0.966725,0.938452,3
0.651879,0.563923,0.329250,5
1.077018,0.966725,1.057120,3
0.538509,0.725044,0.149659,7
1.077018,1.288967,0.874414,3
0.538509,0.725044,0.156146,6
0.453481,0.644483,0.192469,6
0.765250,0.402802,0.603165,4
1.105360,1.288967,1.130697,3
1.813925,2.175131,1.610441,1
0.340111,0.161121,0.136749,7
0.708564,0.805604,1.599040,3
0.680222,0.725044,0.603582,5
0.623537,0.725044,0.347395,6
1.020333,0.805604,1.124852,4
1.077018,0.886165,1.116052,3
1.785582,2.255692,1.812288,1
1.303758,1.047285,1.417843,3
1.360444,1.288967,1.122218,3
1.048675,1.047285,1.155522,3
1.388786,1.208406,1.806347,2
0.991990,0.563923,1.201319,4
0.963648,0.886165,0.892013,4
0.608466,0.343925,0.358658,5
0.334656,0.171963,0.168659,7
1.369048,1.031776,1.356597,2
1.034392,0.945794,1.224912,3
0.730159,0.515888,0.773358,4
1.308201,1.203738,1.190813,3
0.608466,0.859813,0.410930,6
0.517196,0.515888,0.205731,6
1.003968,1.117757,1.056181,3
1.003968,0.945794,1.124452,3
1.277778,1.289720,1.369719,3
0.821429,0.601869,0.555133,4
0.608466,0.343925,0.495562,5
1.399471,1.031776,1.647153,2
1.125661,1.289720,1.422451,3
0.821429,0.515888,0.856516,4
1.825397,2.063551,1.901749,1
1.794974,2.063551,1.889061,1
0.456349,0.171963,0.211700,7
1.460317,1.031776,1.667960,1
1.886243,2.579439,2.112724,1
0.730159,0.859813,0.614269,5
0.669312,0.515888,0.608493,5
1.125661,1.633645,0.901538,3
1.095238,1.375701,1.204757,3
0.486772,0.257944,0.190047,7
0.578042,0.859813,0.310421,6
0.973545,1.117757,1.034769,3
0.882275,0.687850,0.939939,4
1.064815,1.461682,1.043880,3
1.034392,1.117757,1.256619,3
1.034392,1.461682,0.871233,3
1.003968,0.945794,1.047360,3
0.791005,0.515888,0.488191,4
0.547619,0.515888,0.361099,7
1.642857,1.719626,1.943702,1
1.916667,2.321495,1.985365,1
0.425926,0.085981,0.197683,7
1.521164,1.719626,1.865571,2
1.216931,1.461682,1.423152,3
1.156085,1.375701,1.288519,3
0.699735,0.859813,0.669804,5
0.699735,0.343925,0.704652,5
0.547619,0.257944,0.288671,6
1.369048,1.289720,1.887249,2
0.791005,0.601869,0.872997,4
1.221950,1.449438,1.315384,3
1.306222,1.087079,1.505957,2
0.337090,0.362360,0.191062,7
1.074473,1.570225,1.310700,3
0.737384,0.905899,1.128007,3
0.674179,0.483146,0.660359,5
1.348359,1.087079,1.883989,2
1.601176,1.207865,2.100790,1
1.853993,2.113764,2.416288,1
1.200882,1.207865,1.346233,3
0.547771,0.362360,0.304523,6
1.137678,0.966292,1.205588,3
0.526703,0.483146,0.330363,6
1.158746,1.328652,1.273457,3
0.674179,0.543539,0.374204,5
0.632043,0.483146,0.678156,5
0.779520,0.543539,1.040875,4
0.358158,0.543539,0.291022,7
1.074473,1.147472,1.103877,3
0.779520,0.785112,0.669970,4
0.358158,0.241573,0.320609,7
1.390495,1.026685,1.991320,2
1.116610,0.966292,1.232935,3
0.463498,0.301966,0.374916,7
1.453699,1.630618,1.474538,3
0.547771,0.724719,0.247222,6
0.884860,0.543539,0.610899,4
1.074473,0.966292,1.210883,3
0.842724,0.603933,0.701553,4
1.664380,1.328652,1.378345,1
1.221950,1.449438,0.976753,3
0.674179,0.664326,0.426332,5
1.390495,1.570225,0.939999,3
1.390495,1.147472,1.278405,2
1.074473,1.268258,0.410530,3
1.032337,1.449438,0.791230,3
0.632043,0.845506,0.150500,5
0.800588,0.422753,1.103674,4
1.959334,2.898876,1.888896,1
0.294953,0.181180,0.274203,7
1.896129,2.234551,2.221642,1
1.074473,1.449438,0.724155,3
0.737384,0.422753,1.139654,5
0.624639,0.422535,0.411954,5
1.015038,0.985915,0.859789,3
0.624639,0.492958,0.509279,5
1.067091,1.338028,0.884015,3
1.041064,1.056338,0.950893,3
1.613650,2.112676,1.309564,1
0.676692,0.492958,0.470762,5
0.858878,0.633803,0.808116,4
0.546559,0.704225,0.391533,6
1.301330,1.126761,1.587030,2
0.884905,0.492958,0.826378,4
0.754772,0.281690,0.771338,4
1.041064,1.408451,0.801291,3
0.390399,0.352113,0.229087,7
1.769809,2.464789,2.060701,1
0.962984,0.915493,1.035813,3
0.546559,0.422535,0.389100,7
1.145171,1.056338,1.247297,3
0.520532,0.774648,0.370583,6
0.494505,0.281690,0.346594,6
1.171197,1.549296,1.261295,3
1.301330,1.197183,1.402168,3
1.821862,2.042254,2.015342,1
1.769809,2.042254,2.245545,1
0.650665,0.422535,0.534749,5
1.041064,1.056338,1.074329,3
1.145171,1.338028,1.214727,3
1.197224,1.056338,1.208963,3
1.223250,1.478873,1.221808,3
0.728745,0.774648,0.617638,5
0.520532,0.352113,0.268976,6
1.301330,0.985915,1.583059,2
0.468479,0.422535,0.213625,7
1.301330,1.056338,1.464472,2
0.832851,0.633803,0.738311,4
1.067091,1.267606,1.170337,3
1.509543,1.971831,1.824277,1
1.015038,1.056338,1.117237,3
0.676692,0.704225,0.611746,5
1.275304,1.197183,1.494480,3
0.468479,0.211268,0.310621,7
1.405437,1.056338,1.840452,2
1.821862,2.253521,2.263659,1
0.546559,0.352113,0.249983,7
0.858878,0.704225,0.791081,4
0.625724,0.505618,0.329821,5
0.521437,0.650080,0.250152,6
1.433951,1.227929,1.194099,2
0.495365,0.288925,0.271873,6
1.407879,1.083467,1.322212,2
0.417149,0.288925,0.191133,7
0.391078,0.361156,0.256368,7
1.042874,1.372392,0.943780,3
0.677868,0.577849,0.468341,5
1.277520,1.516854,1.122243,3
1.877173,2.166934,1.815847,1
0.990730,0.866774,1.149299,3
0.521437,0.361156,0.350232,7
1.068946,1.011236,1.127054,3
1.303592,1.372392,1.347244,3
0.417149,0.216693,0.161766,7
0.703940,0.794543,0.570088,5
0.547509,0.505618,0.242054,6
0.782155,0.433387,0.590500,4
0.886443,0.505618,0.932658,4
0.964658,0.722311,1.143297,3
1.381808,1.155698,1.356699,3
0.808227,0.505618,0.728592,4
1.798957,2.383628,2.172271,1
1.121089,1.011236,1.190264,3
1.173233,1.444623,1.308326,3
0.443221,0.433387,0.213855,7
0.651796,0.577849,0.524193,5
1.486095,1.950241,1.707741,1
0.625724,0.505618,0.428138,5
0.990730,1.083467,1.129959,3
1.564311,2.094703,1.835472,1
1.173233,1.227929,0.687531,3
0.547509,0.722311,0.436927,6
0.730012,0.794543,0.673884,4
1.016802,1.227929,1.023639,3
1.929316,2.817014,1.994786,1
1.433951,1.155698,1.436987,2
0.677868,0.722311,0.487848,5
0.808227,0.433387,0.544390,4
0.782155,0.288925,1.016947,4
1.173233,1.300161,1.417481,3
0.990730,1.300161,1.039787,3
1.486095,0.939005,2.877665,2
1.851101,2.094703,2.986558,1
1.372159,1.289720,1.081366,3
1.089015,1.105474,1.102095,3
0.457386,0.368491,0.205465,7
1.328598,1.228304,1.162755,2
1.350379,1.166889,1.461239,2
1.546402,2.149533,1.473579,1
0.805871,0.859813,0.887253,4
1.829545,2.026702,1.980301,1
1.851326,2.579439,1.918237,1
1.568182,1.228304,1.341582,2
0.653409,0.491322,0.574124,5
1.023674,1.412550,1.054450,3
1.851326,2.518024,1.823433,1
1.089015,1.289720,1.244941,3
0.544508,0.307076,0.383668,6
1.894886,2.149533,1.953628,1
0.544508,0.429907,0.269367,6
1.502841,1.596796,1.866537,1
0.522727,0.614152,0.512823,6
0.653409,0.736983,0.621491,5
0.500947,0.429907,0.409371,7
1.045455,0.982644,0.918900,3
1.132576,1.412550,1.266207,3
0.805871,0.429907,0.764581,4
0.958333,0.859813,1.086184,3
0.392045,0.184246,0.281724,7
0.653409,0.921228,0.472631,5
0.500947,0.675567,0.403859,6
0.718750,0.798398,0.514400,5
0.370265,0.184246,0.240267,7
0.914773,0.429907,0.703504,4
1.263258,1.412550,1.132702,3
0.675189,0.245661,0.528022,5
0.805871,0.552737,0.834340,4
1.110795,1.105474,1.436663,3
1.023674,1.166889,1.169116,3
0.936553,0.429907,1.043947,4
1.306818,1.412550,1.651712,3
0.849432,0.614152,0.827442,4
1.023674,1.044059,1.043844,3
0.479167,0.368491,0.226055,7
0.827652,0.552737,1.158145,3
0.718750,0.614152,0.687265,5
1.110795,1.596796,1.266467,3
1.132576,1.105474,1.371929,3
1.263258,0.921228,1.642388,2
0.714689,0.384937,0.560427,4
1.007062,0.866109,0.819061,3
0.682203,0.673640,0.440540,5
1.007062,0.866109,0.955847,3
0.519774,0.384937,0.285260,7
1.364407,0.962343,1.586992,3
0.649718,0.384937,0.478123,5
0.552260,0.288703,0.374736,6
0.519774,0.577406,0.256243,7
1.331921,1.154812,1.739549,2
0.422316,0.384937,0.226827,6
1.072034,1.539749,0.960396,3
1.169492,1.443515,1.133537,3
0.324859,0.192469,0.212982,6
1.201977,1.347280,1.334667,3
1.494350,1.154812,1.715412,2
1.949153,2.502092,1.996124,1
0.942090,1.251046,1.276500,3
1.039548,1.539749,1.099208,3
1.137006,1.058577,1.159932,3
0.617232,0.481172,0.425931,5
1.819209,2.020921,2.635536,1
0.844633,0.673640,1.058172,4
0.779661,0.673640,0.677294,4
0.877119,0.481172,0.962687,4
0.714689,0.769874,0.505115,5
0.714689,0.384937,0.603555,4
1.916667,2.598326,1.987957,1
1.364407,1.154812,1.547450,2
1.429379,1.251046,1.891077,2
1.007062,1.154812,0.985994,3
0.389831,0.481172,0.125432,7
1.104520,1.154812,0.993663,3
1.201977,1.635983,0.919559,3
1.072034,1.347280,1.074673,3
1.039548,0.962343,1.223478,3
0.357345,0.288703,0.080611,7
0.487288,0.769874,0.199602,6
1.331921,1.058577,1.513353,3
1.526836,1.732218,1.697418,1
0.779661,0.673640,0.688615,4
1.884181,2.117155,2.100042,1
0.747175,0.384937,0.571184,5
1.591808,1.635983,2.069265,1
0.552260,0.288703,0.299935,7
0.747175,0.866109,0.550036,5
0.524965,0.719041,0.386618,6
1.532898,2.097204,1.485005,1
0.986934,0.838881,1.040587,3
0.986934,1.018642,0.858345,3
1.343910,1.078562,1.527673,2
1.154923,1.378162,1.221996,3
0.986934,1.018642,0.938052,3
1.028931,1.198402,1.053530,3
0.566962,0.359521,0.328957,6
1.175922,1.378162,1.265202,3
0.524965,0.659121,0.437381,6
1.007933,0.778961,1.071633,3
0.797947,0.539281,0.754229,4
0.608959,0.479361,0.489101,5
0.524965,0.419441,0.293777,6
0.356976,0.179760,0.213183,7
1.049930,1.018642,1.153060,3
0.818945,0.419441,0.740609,4
1.721885,1.977364,1.959773,1
1.322912,1.018642,1.543065,2
0.356976,0.239680,0.177934,7
1.553896,1.258322,1.369509,1
1.049930,1.438083,0.812359,3
1.280915,1.318242,1.327311,3
0.650957,0.599201,0.412608,5
1.427905,1.138482,1.234261,2
1.343910,1.498003,1.334486,3
0.650957,0.479361,0.579701,5
0.524965,0.419441,0.455136,7
1.049930,1.018642,1.239212,3
1.112926,1.498003,0.977454,3
1.364909,1.138482,1.781335,2
0.650957,0.659121,0.697854,5
1.931871,2.576565,1.981715,1
0.818945,0.599201,0.961801,4
0.671955,0.778961,0.526209,5
0.524965,0.479361,0.224528,7
0.986934,0.419441,0.643772,4
0.881941,0.539281,0.691096,4
1.763882,2.217044,2.218699,1
1.910873,2.516644,2.113193,1
0.734951,0.539281,0.998006,5
1.217919,1.438083,1.731162,3
1.112926,1.438083,1.499859,3
0.398973,0.179760,0.249024,7
1.041420,1.164969,1.223656,3
0.813609,0.537678,0.869312,4
0.846154,0.448065,0.773737,4
0.781065,0.358452,0.789878,4
0.650888,0.716904,0.587858,5
0.813609,0.448065,0.626734,4
1.724852,2.240326,1.903473,1
1.008876,1.075356,0.797287,3
1.041420,1.075356,0.972651,3
0.748521,0.537678,0.566879,5
0.650888,0.627291,0.317428,5
0.618343,0.537678,0.207240,7
0.520710,0.627291,0.216583,6
1.171598,1.254582,1.333386,3
1.008876,0.896130,1.022450,3
0.813609,0.537678,0.540249,4
0.683432,0.627291,0.496891,5
1.073964,0.985743,1.189336,3
1.139053,1.433809,1.272691,3
0.390533,0.268839,0.206043,7
1.399408,1.254582,1.329592,2
1.041420,1.075356,1.258306,3
0.553254,0.806517,0.329216,6
0.585799,0.985743,0.368881,6
1.594675,2.061100,1.674720,1
0.976331,1.075356,0.961093,3
0.390533,0.179226,0.210524,7
1.497041,1.075356,1.957880,2
0.618343,0.448065,0.414199,5
1.269231,1.254582,1.058220,3
0.813609,0.627291,0.948949,4
1.041420,1.075356,0.927079,3
1.301775,1.075356,1.525655,2
1.464497,1.254582,1.770371,2
0.715976,0.627291,0.389453,5
1.399408,1.254582,1.335015,3
1.431953,1.881874,1.865055,1
0.976331,0.896130,1.173857,3
1.724852,1.971487,2.508236,1
1.822485,2.419552,2.273806,1
0.520710,0.448065,0.372471,7
0.455621,0.268839,0.166097,7
1.692308,1.971487,2.224134,1
1.171598,1.613035,1.043429,3
0.369955,0.581818,0.185559,6
0.961883,1.090909,0.999758,3
1.307175,1.018182,1.723254,2
0.665919,0.581818,0.661099,5
1.381166,1.163636,1.780518,2
0.641256,0.654545,0.591725,5
0.961883,0.872727,1.286869,3
0.419283,0.363636,0.185465,7
0.986547,0.945455,0.988440,3
1.035874,1.163636,1.126769,3
0.641256,0.509091,0.383905,5
1.578475,2.181818,1.701739,1
0.616592,0.581818,0.559079,5
1.011211,1.163636,1.018682,3
1.381166,1.090909,1.837642,2
0.912556,0.727273,1.002441,4
1.011211,1.018182,1.004098,3
0.813901,0.727273,0.805425,4
0.813901,0.654545,0.698435,4
0.764574,0.290909,0.790164,4
2.047085,2.836364,1.640275,1
1.849776,2.254545,1.772701,1
1.060538,1.090909,0.986807,3
1.430493,0.654545,2.127390,2
0.838565,1.090909,0.771193,4
1.381166,0.872727,1.410801,3
0.394619,0.581818,0.174755,7
0.665919,0.509091,0.381128,5
1.751121,2.181818,2.043035,1
0.517937,0.509091,0.296796,7
1.011211,1.381818,0.832914,3
0.517937,0.727273,0.277451,6
0.690583,0.654545,0.514603,5
0.542601,0.727273,0.315137,6
1.701794,1.236364,1.347213,1
0.295964,0.218182,0.164534,7
1.233184,1.163636,0.975746,3
0.739910,0.654545,0.698062,4
1.060538,1.163636,1.300427,3
1.134529,1.018182,1.512191,3
1.307175,1.018182,1.372975,3
1.183857,1.527273,1.281129,3
0.542601,0.290909,0.284288,6
1.825112,2.254545,2.187384,1
1.074895,1.000000,0.860273,3
0.881965,0.692308,0.529916,4
0.881965,0.538462,0.599755,4
1.047334,1.307692,0.912652,3
0.413421,0.230769,0.237370,7
0.689035,0.615385,0.534376,5
0.744158,0.923077,0.506069,5
0.689035,0.692308,0.423740,5
0.440983,0.461538,0.255642,7
1.350509,1.384615,1.384558,3
0.551228,0.461538,0.271156,6
0.661474,0.692308,0.533109,5
1.378071,1.000000,1.431457,2
1.047334,1.000000,0.947761,3
0.440983,0.230769,0.206740,7
1.736369,2.000000,2.112692,1
1.102457,1.153846,1.121735,3
1.433194,1.153846,1.714896,2
1.074895,1.076923,1.200833,3
0.826842,0.307692,0.770347,4
0.826842,0.615385,0.846347,4
1.405632,1.076923,1.898753,2
1.074895,1.000000,1.066181,3
0.661474,0.538462,0.621504,5
0.799281,0.461538,0.764187,4
1.598562,2.076923,1.883730,1
1.763930,1.923077,2.326669,1
1.130018,1.230769,1.297637,3
1.598562,2.230769,1.893877,1
1.074895,0.923077,1.130786,3
0.854404,0.615385,0.849710,4
0.523667,0.307692,0.403881,7
0.992211,0.923077,1.027936,3
1.378071,1.076923,1.401545,2
1.047334,1.076923,1.219842,3
0.689035,0.769231,0.641969,5
1.185141,1.461538,1.273280,3
1.295386,1.307692,1.530415,3
0.992211,0.538462,0.918434,3
0.551228,0.461538,0.295513,7
1.212702,1.538462,1.361883,3
0.606351,0.846154,0.351085,6
0.551228,0.769231,0.484396,6
0.551228,0.769231,0.379864,6
1.460755,2.000000,1.707186,1
1.708808,2.538462,1.868311,1
0.585176,0.566547,0.257783,7
0.468140,0.404676,0.224744,6
0.555917,0.323741,0.329065,6
0.526658,0.809353,0.389554,6
1.462939,1.942446,1.731899,1
0.848505,0.728417,0.853525,4
1.287386,0.971223,1.736613,2
0.994798,0.971223,0.958891,3
1.872562,2.023381,2.082911,1
0.672952,0.809353,0.456101,5
1.492198,1.133094,1.945808,2
1.082575,0.890288,0.988197,3
0.819246,0.647482,0.987578,4
1.228869,1.375899,1.311012,3
0.555917,0.242806,0.328382,7
1.843303,2.508993,1.868448,1
0.936281,0.728417,0.889102,4
0.819246,0.323741,0.724548,4
0.468140,0.323741,0.199917,7
1.579974,2.104317,1.641186,1
1.228869,1.537770,1.188157,3
0.643693,0.566547,0.427925,5
0.702211,0.728417,0.438739,5
0.672952,0.323741,0.542441,5
1.316645,0.971223,1.411920,2
1.989597,2.670863,1.891590,1
0.468140,0.323741,0.136911,6
1.053316,1.052158,1.138823,3
1.082575,1.294964,1.208931,3
0.468140,0.566547,0.279304,7
0.848505,0.485612,0.796342,4
1.141092,1.294964,1.389589,3
1.024057,1.214029,0.984763,3
0.819246,0.485612,0.712071,4
1.345904,1.133094,1.513319,2
1.345904,1.456835,1.566556,3
1.053316,0.971223,1.389098,3
1.082575,1.375899,1.262275,3
1.024057,1.052158,1.216951,3
1.053316,1.375899,0.995321,3
0.731469,0.647482,0.606641,5
1.697009,1.942446,2.085449,1
1.024057,0.971223,1.053976,3
0.380364,0.161871,0.256269,7
0.702211,0.566547,0.601373,5
1.217503,1.458090,0.950349,3
1.075933,1.029240,1.193654,3
0.566281,0.514620,0.195941,7
1.104247,1.115010,1.266609,3
1.500644,1.115010,1.782201,2
1.217503,1.715400,1.418802,3
1.075933,1.543860,1.067176,3
1.019305,1.286550,0.831652,3
0.566281,0.857700,0.330925,6
0.990991,1.115010,1.123743,3
0.594595,0.600390,0.400861,5
0.906049,0.343080,0.791920,4
1.868726,2.401559,1.681886,1
0.424710,0.171540,0.186064,7
0.792793,0.771930,0.674620,4
1.047619,1.543860,0.985392,3
0.792793,0.343080,0.647708,4
1.698842,2.144250,2.000091,1
0.453024,0.257310,0.222753,6
0.651223,0.343080,0.451044,5
0.707851,0.514620,0.741987,5
1.613900,1.543860,1.894787,1
1.868726,2.401559,2.053466,1
0.396396,0.343080,0.286005,7
0.821107,0.514620,0.858913,4
1.189189,0.857700,1.599030,2
1.189189,1.543860,1.145018,3
0.962677,0.771930,0.953866,3
0.537967,0.514620,0.259018,7
1.642214,0.428850,1.166318,1
1.387387,1.115010,1.347694,3
0.622909,0.943470,0.312593,6
0.651223,0.686160,0.500228,5
0.906049,1.115010,0.902436,3
1.359073,0.857700,1.085882,3
0.906049,1.286550,0.961523,3
0.821107,0.686160,0.999110,4
1.359073,1.200780,2.013983,2
0.311454,0.171540,0.191626,6
0.679537,0.600390,0.580316,5
0.651223,1.115010,0.795911,5
1.557272,1.715400,2.037129,2
0.424710,0.343080,0.324665,7
1.868726,2.058480,2.785102,1
0.481459,0.239564,0.291761,7
1.016413,1.597096,0.890580,3
1.016413,1.437387,0.860358,3
0.561702,0.558984,0.281611,7
1.043161,1.117967,1.091303,3
0.829179,0.479129,0.681734,4
0.508207,0.319419,0.270614,6
0.962918,1.277677,0.926714,3
0.748936,0.479129,0.612959,4
0.534954,0.798548,0.407481,6
1.096657,1.357532,1.116502,3
0.641945,0.718693,0.576370,5
1.043161,1.277677,1.157142,3
0.641945,0.638838,0.510613,5
1.310638,1.117967,1.367808,2
1.043161,1.038113,1.086300,3
0.695441,0.558984,0.587016,5
0.374468,0.159710,0.247255,7
0.641945,0.638838,0.592638,5
0.989666,1.277677,0.908937,3
1.069909,1.038113,1.119354,3
0.775684,0.558984,0.775170,4
0.668693,0.479129,0.472701,5
0.962918,1.277677,1.001856,3
1.711854,2.076225,1.976240,1
1.364134,1.197822,1.741347,2
1.845593,2.715064,1.840798,1
1.578116,0.558984,1.819899,1
1.069909,1.277677,1.321710,3
1.337386,1.277677,1.427488,3
0.855927,0.718693,0.780607,4
0.481459,0.479129,0.241301,7
1.016413,0.878403,1.047644,3
0.508207,0.479129,0.284237,7
1.337386,1.117967,1.802390,2
0.909422,0.638838,0.960327,4
0.561702,0.479129,0.429352,6
0.829179,0.638838,0.782736,4
1.551368,2.156080,1.752013,1
1.337386,1.197822,1.497399,2
1.872340,0.399274,2.094213,1
1.792097,2.715064,1.896467,1
1.230395,1.038113,1.342547,3
1.150152,1.517241,1.126507,3
0.955189,1.277129,0.930056,3
0.875590,0.375626,0.730667,4
0.928656,1.051753,0.818330,3
1.140920,1.352254,1.041876,3
0.583726,0.375626,0.577795,5
0.557193,0.450751,0.168606,6
1.353184,1.126878,1.536598,2
1.591981,2.178631,1.603677,1
0.716392,0.601002,0.448442,5
1.061321,1.126878,1.282364,3
0.822524,0.450751,0.768500,4
0.981722,0.676127,1.013507,3
1.273585,1.427379,1.460293,3
0.557193,0.826377,0.399701,6
0.318396,0.225376,0.249928,7
1.034788,0.976628,0.785157,3
0.451061,0.300501,0.241292,7
0.663325,0.751252,0.588750,5
1.087854,0.976628,1.268546,3
1.034788,1.277129,0.940041,3
0.822524,0.450751,0.775078,4
0.795991,0.601002,0.657863,4
1.830778,2.103506,2.219045,1
0.663325,0.676127,0.416358,5
0.557193,0.375626,0.254163,6
0.557193,0.826377,0.383209,6
1.140920,1.126878,0.945766,3
1.353184,1.051753,1.675652,2
0.981722,1.202003,0.985564,3
0.477594,0.300501,0.389337,7
1.538915,1.126878,1.514263,1
1.751179,2.328881,1.939943,1
1.724646,2.103506,2.213413,1
1.910377,2.929883,1.924753,1
0.344929,0.225376,0.290885,7
0.424528,0.300501,0.286839,7
0.795991,0.450751,0.896552,4
1.087854,1.502504,1.069559,3
0.689858,1.051753,0.531373,5
1.220519,1.427379,1.225271,3
0.955189,0.525876,1.060284,4
1.485849,1.126878,1.835552,2
1.273585,0.901503,1.566103,3
1.406250,1.051753,1.735893,2
1.220519,1.427379,1.353157,3
0.629562,0.459184,0.342904,5
0.656934,0.535714,0.425484,5
1.067518,1.377551,0.869805,3
1.478102,1.071429,1.607921,2
0.355839,0.229592,0.217111,7
0.520073,0.382653,0.325046,7
1.012774,0.994898,0.789063,3
1.395985,1.224490,1.422300,2
1.587591,2.219388,1.493875,1
0.793796,0.535714,0.771778,4
0.629562,0.306122,0.346724,5
0.821168,0.688776,0.761178,4
0.848540,0.535714,0.970339,4
1.040146,1.147959,1.025083,3
1.067518,1.147959,0.915739,3
0.684307,0.688776,0.590789,5
0.410584,0.229592,0.178029,7
0.739051,0.612245,0.675590,4
0.766423,0.459184,0.626982,4
1.341241,0.994898,1.542769,2
1.177007,1.224490,1.392577,3
0.656934,0.688776,0.495197,5
0.574818,0.765306,0.374800,6
0.766423,0.535714,0.564790,4
0.465328,0.306122,0.169315,6
1.067518,0.994898,1.207099,3
1.012774,0.994898,0.946561,3
1.806569,1.989796,2.202625,1
1.012774,0.841837,0.962151,3
0.629562,0.612245,0.568371,5
1.916058,2.525510,1.906563,1
1.122263,1.071429,1.071398,3
1.313869,0.994898,1.248688,3
1.204380,1.377551,1.090927,3
0.602190,0.841837,0.356464,6
1.560219,2.142857,1.713015,1
1.067518,1.147959,0.852353,3
1.012774,0.994898,1.083359,3
1.286496,1.224490,1.633013,3
1.122263,1.377551,1.466372,3
1.532847,2.219388,1.949106,1
1.614964,1.683673,2.654944,2
1.888686,2.219388,2.774792,1
0.383212,0.153061,0.244662,7
0.355839,0.229592,0.172347,6
1.361917,0.955752,1.273113,2
1.191677,0.955752,0.977676,3
0.340479,0.159292,0.201537,7
0.397226,0.238938,0.170141,6
0.510719,0.796460,0.251797,6
1.872636,2.070796,2.011655,1
0.964691,0.876106,0.779932,3
0.652585,0.477876,0.388501,5
0.368852,0.238938,0.124590,7
0.539092,0.477876,0.295176,5
0.595839,0.557522,0.307918,5
1.418663,1.911504,1.638198,1
0.993064,0.876106,1.150407,3
0.368852,0.159292,0.259620,7
1.220050,1.433628,1.173378,3
0.425599,0.557522,0.209020,7
0.453972,0.398230,0.288871,7
1.532156,1.991150,1.968197,1
1.361917,1.035398,2.162330,2
1.361917,0.955752,1.595473,3
1.475410,1.274336,1.982797,2
0.794451,0.477876,0.659764,4
1.418663,1.035398,1.491787,2
0.567465,0.557522,0.332904,6
0.822825,0.318584,0.846911,4
0.709332,0.477876,0.688020,4
0.652585,0.557522,0.544304,5
0.964691,0.955752,1.293364,3
0.652585,0.796460,0.573738,5
2.014502,2.628319,1.853916,1
0.794451,0.477876,0.510867,4
1.929382,2.469027,2.249611,1
0.964691,1.274336,0.914360,3
0.879571,0.637168,1.089289,4
1.163304,1.513274,1.334937,3
1.021438,1.353982,1.131438,3
0.936318,0.955752,1.031572,3
0.993064,1.194690,1.076678,3
0.595839,0.477876,0.515995,5
1.929382,2.150442,1.979108,1
1.021438,0.955752,0.888380,4
1.475410,1.274336,1.328501,3
1.134931,1.035398,1.264244,3
0.964691,1.433628,0.963286,3
1.191677,1.592920,1.226699,3
0.387155,0.295533,0.135422,7
0.645258,0.591065,0.433280,5
0.980792,1.329897,0.983130,3
1.006603,1.329897,0.971830,3
0.800120,0.443299,0.851139,4
1.084034,1.403780,1.091413,3
0.851741,0.591065,0.720404,4
1.445378,1.034364,1.661831,2
0.774310,0.443299,0.863442,4
0.542017,0.812715,0.078508,6
0.567827,0.295533,0.406267,7
0.438776,0.443299,0.219496,6
0.619448,0.812715,0.494547,5
0.464586,0.221649,0.212549,7
0.387155,0.295533,0.262286,7
0.438776,0.221649,0.179573,6
0.980792,0.960481,1.083692,3
1.884154,2.512027,2.055836,1
0.800120,0.443299,0.363142,4
0.851741,0.517182,0.920943,4
1.238896,1.699313,1.162242,3
1.006603,1.256014,0.675061,3
1.264706,0.960481,0.923119,3
1.342137,0.960481,1.650658,2
1.290516,0.960481,1.361714,3
1.135654,1.034364,1.239285,3
0.722689,0.738832,0.647713,5
1.496999,1.329897,1.498370,2
1.367947,1.034364,1.734501,2
1.109844,1.034364,1.305050,3
1.032413,1.034364,1.168854,3
1.600240,2.216495,2.077200,1
1.032413,1.108247,1.152303,3
1.290516,1.625430,1.300280,3
1.600240,1.625430,1.620882,1
1.187275,1.477663,1.150922,3
0.361345,0.147766,0.243434,7
0.748499,0.517182,0.540789,5
1.006603,1.477663,1.124327,3
0.851741,1.034364,0.765517,5
1.832533,2.216495,2.222122,1
0.825930,0.517182,1.085157,4
1.703481,1.994845,2.361771,1
1.374295,1.000000,1.548559,2
0.803833,0.428571,0.699369,4
0.674183,0.642857,0.401350,5
1.970688,2.142857,1.715785,1
0.803833,0.428571,0.521576,4
0.414882,0.357143,0.168995,6
0.570462,0.857143,0.342813,5
1.270575,1.714286,0.791017,3
1.426156,1.428571,1.424892,3
0.985344,0.928571,1.067099,3
0.777903,0.500000,0.577398,4
1.011274,1.214286,1.045454,3
1.166855,1.571429,1.262563,3
0.985344,1.285714,1.037843,3
0.959414,0.785714,1.106246,3
0.544532,0.785714,0.311011,6
0.648253,0.571429,0.534616,5
1.140924,1.214286,1.376317,3
0.777903,0.571429,1.044654,4
0.622322,0.642857,0.365767,5
0.518602,0.357143,0.257079,7
1.918828,2.214286,2.119025,1
0.518602,0.714286,0.379099,6
1.011274,1.071429,0.978894,3
0.414882,0.214286,0.208141,7
0.829763,0.642857,0.683808,4
0.985344,1.285714,1.115117,3
0.674183,0.428571,0.568139,5
1.166855,1.071429,0.773710,3
1.529876,2.142857,2.111584,1
1.452086,1.071429,1.637832,1
0.751973,0.857143,0.755943,5
0.414882,0.214286,0.233058,7
1.607666,1.142857,1.875302,2
0.311161,0.214286,0.253153,7
0.363021,0.214286,0.276107,7
1.426156,1.142857,1.685462,2
1.192785,1.428571,1.402544,3
0.414882,0.357143,0.113027,6
1.140924,1.285714,1.337098,3
1.426156,1.142857,1.550014,2
0.959414,1.142857,1.098222,3
0.751973,0.642857,0.810044,4
1.400225,1.214286,1.813953,3
1.996618,2.571429,2.285184,1
1.892897,2.142857,2.335141,1
1.258860,1.518764,1.393343,3
0.728814,0.569536,0.785640,4
0.695686,0.664459,0.655580,5
0.463790,0.284768,0.200135,6
0.993837,1.044150,1.161225,3
1.623267,1.328918,1.668639,1
0.463790,0.379691,0.216500,6
1.126348,1.233996,1.351823,3
0.563174,0.284768,0.285828,7
1.026965,1.233996,1.104502,3
1.060092,1.044150,1.139332,3
0.430663,0.379691,0.264184,7
0.828197,0.664459,0.640819,4
0.496918,0.284768,0.192644,7
0.695686,0.759382,0.550869,5
2.087057,2.752759,2.184319,1
0.662558,0.379691,0.436925,5
0.463790,0.284768,0.238310,7
1.490755,1.044150,1.801381,2
1.093220,1.044150,1.241528,3
0.695686,0.569536,0.591670,5
1.093220,1.613687,0.883524,3
0.629430,0.949227,0.502770,6
1.060092,1.328918,1.033017,3
0.695686,0.379691,0.563723,5
1.093220,1.328918,1.075449,3
1.424499,1.139073,1.649041,2
1.457627,1.139073,1.712398,2
0.861325,0.759382,0.915120,4
1.060092,0.949227,1.073293,3
1.822034,2.088300,2.137879,1
0.795069,0.664459,0.732704,4
0.463790,0.474614,0.220674,7
0.728814,0.189845,0.503793,5
1.490755,1.139073,1.933874,2
0.828197,0.474614,0.828681,4
1.358243,1.518764,1.599643,3
1.258860,1.518764,1.566582,3
1.060092,1.423841,1.306793,3
0.629430,0.569536,0.220231,6
2.087057,2.752759,2.120629,1
0.828197,1.233996,0.923828,4
1.325116,1.613687,1.391159,3